timestamp,open,high,low,close,volume
2025-02-28 19:45:00,241.6409,241.7019,241.3124,241.3124,7610
2025-02-28 19:30:00,241.5021,241.6519,241.3124,241.6120,4260
2025-02-28 19:15:00,241.7119,241.8017,241.4322,241.7019,8043
2025-02-28 19:00:00,241.7318,241.7518,241.5421,241.7218,8688
2025-02-28 18:45:00,241.7119,241.8017,241.7019,241.7505,2346
2025-02-28 18:30:00,241.8517,241.8772,241.6020,241.7318,3195
2025-02-28 18:15:00,241.8117,241.9516,241.7019,241.7918,3029
2025-02-28 18:00:00,241.8017,241.9516,241.5021,241.7019,26166
2025-02-28 17:45:00,241.3323,241.9815,241.3124,241.8017,17976
2025-02-28 17:30:00,241.7418,241.8916,241.2025,241.3323,111618
2025-02-28 17:15:00,240.9628,241.9423,225.8677,241.7418,93850
2025-02-28 17:00:00,240.8729,241.1026,240.7630,240.9628,24476
2025-02-28 16:45:00,240.5533,241.5421,240.5433,240.8729,314878
2025-02-28 16:30:00,240.4934,241.5505,240.3635,240.5433,403016
2025-02-28 16:15:00,241.5421,241.5711,240.3535,240.4364,645412
2025-02-28 16:00:00,241.5321,241.7119,232.1836,240.6032,33877357
2025-02-28 15:45:00,239.4247,241.7918,239.2998,241.5421,6393532
2025-02-28 15:30:00,239.3947,239.5745,238.5058,239.4347,1260171
2025-02-28 15:15:00,239.0028,239.4846,238.4958,239.4147,1242301
2025-02-28 15:00:00,238.5558,239.2449,238.5158,239.0002,1285875
2025-02-28 14:45:00,238.3160,238.5957,237.8267,238.5757,1032006
2025-02-28 14:30:00,237.5869,238.4559,237.4076,238.3360,1047204
2025-02-28 14:15:00,237.2074,237.9765,237.1874,237.6319,744204
2025-02-28 14:00:00,236.7680,237.5120,236.7380,237.2074,635575
2025-02-28 13:45:00,237.6918,237.8267,236.7180,236.7480,706366
2025-02-28 13:30:00,237.1125,238.0147,237.0176,237.6918,954578
2025-02-28 13:15:00,236.7879,237.1575,235.9390,237.1175,953870
2025-02-28 13:00:00,237.0972,237.3273,236.5513,236.7829,657657
2025-02-28 12:45:00,237.0077,237.4771,236.6486,237.0776,792542
2025-02-28 12:30:00,237.3373,237.6069,236.7180,237.0176,850555
2025-02-28 12:15:00,236.6881,237.4571,236.5782,237.3373,668024
2025-02-28 12:00:00,236.7979,237.0326,236.2586,236.7180,591031
2025-02-28 11:45:00,237.0526,237.2474,236.6681,236.7979,587802
2025-02-28 11:30:00,236.6082,237.3872,236.5382,237.0296,805739
2025-02-28 11:15:00,236.2885,236.9877,236.1887,236.6281,910352
2025-02-28 11:00:00,237.1924,237.2474,236.1987,236.3085,949497
2025-02-28 10:45:00,236.6331,237.5370,236.4783,237.1775,844352
2025-02-28 10:30:00,237.2873,237.3472,236.2086,236.6381,1151972
2025-02-28 10:15:00,236.3285,237.5170,235.3497,237.3023,1601062
2025-02-28 10:00:00,236.4533,237.1275,235.5895,236.3285,1381561
2025-02-28 09:45:00,236.3185,237.1175,235.7792,236.4484,1489211
2025-02-28 09:30:00,236.6581,237.0176,229.9164,236.3077,4679471
2025-02-28 09:15:00,236.6481,236.9777,235.2299,236.6281,102161
2025-02-28 09:00:00,236.6234,237.0077,235.9889,236.6481,156454
2025-02-28 08:45:00,237.4072,237.4571,235.7093,236.4583,64236
2025-02-28 08:30:00,237.4172,244.1688,237.3073,237.3972,37347
2025-02-28 08:15:00,236.8878,237.6069,236.7580,237.3672,19312
2025-02-28 08:00:00,237.3103,237.9964,236.6681,236.8878,66824
2025-02-28 07:45:00,237.0276,237.2074,236.9278,237.0376,11808
2025-02-28 07:30:00,237.2474,237.2873,236.8678,237.0676,16449
2025-02-28 07:15:00,237.1575,237.4771,237.1575,237.2574,8100
2025-02-28 07:00:00,237.7767,237.9765,237.1475,237.1575,13843
2025-02-28 06:45:00,237.8167,237.9665,237.7068,237.8566,4988
2025-02-28 06:30:00,237.6069,237.8167,237.5270,237.7867,6722
2025-02-28 06:15:00,237.2973,237.6369,237.2074,237.5969,7079
2025-02-28 06:00:00,237.1775,237.3972,237.0876,237.2973,5700
2025-02-28 05:45:00,237.1874,237.3572,237.1375,237.1675,4244
2025-02-28 05:30:00,236.9977,237.2374,236.9877,237.1874,1550
2025-02-28 05:15:00,237.0077,237.1075,236.9377,236.9977,2452
2025-02-28 05:00:00,237.2074,237.3073,236.8878,236.9877,5549
2025-02-28 04:45:00,237.3672,237.3672,237.1974,237.2074,1202
2025-02-28 04:30:00,237.5470,237.5869,237.3173,237.3472,2853
2025-02-28 04:15:00,237.5270,237.6369,237.5170,237.5470,2365
2025-02-28 04:00:00,236.7080,237.8366,236.7080,237.5570,14459
2025-02-27 19:45:00,237.1575,237.4471,236.7280,237.1575,5379
2025-02-27 19:30:00,237.0773,237.5170,237.0276,237.3073,2580
2025-02-27 19:15:00,237.7068,237.8366,237.0077,237.2474,5974
2025-02-27 19:00:00,237.3972,237.9565,237.0077,237.7100,34459
2025-02-27 18:45:00,236.9477,237.7068,236.8279,237.4072,9019
2025-02-27 18:30:00,237.0776,237.3872,236.8079,236.9477,11481
2025-02-27 18:15:00,236.9178,237.3872,236.9078,237.1775,5679
2025-02-27 18:00:00,236.6381,238.2262,236.6181,236.9078,24965
2025-02-27 17:45:00,236.7380,236.8079,236.4583,236.6381,12514
2025-02-27 17:30:00,236.8878,236.9577,236.7080,236.7202,5197
2025-02-27 17:15:00,236.9278,237.0176,236.8678,236.8797,4418
2025-02-27 17:00:00,237.0956,237.1575,236.8679,236.9078,295303
2025-02-27 16:45:00,237.0077,237.3373,237.0077,237.0176,32197
2025-02-27 16:30:00,236.7184,237.1775,236.7180,237.0077,78596
2025-02-27 16:15:00,236.9677,237.2973,236.5882,236.7280,90821
2025-02-27 16:00:00,237.0876,237.4471,236.6681,236.9377,13275433
2025-02-27 15:45:00,238.1862,238.1862,236.7680,237.0976,4700680
2025-02-27 15:30:00,238.6656,239.0746,237.9665,238.1662,1279737
2025-02-27 15:15:00,238.7056,239.6344,238.5957,238.6257,1410948
2025-02-27 15:00:00,239.4147,239.4247,238.4762,238.7554,1117281
2025-02-27 14:45:00,239.9540,240.0439,239.2449,239.4147,922417
2025-02-27 14:30:00,240.3485,240.3635,239.6644,239.9690,960745
2025-02-27 14:15:00,240.9728,241.0026,240.2237,240.3336,563564
2025-02-27 14:00:00,241.3025,241.4622,240.9128,240.9728,554746
2025-02-27 13:45:00,241.4622,241.7518,241.2624,241.3124,866013
2025-02-27 13:30:00,241.6320,241.7418,241.3624,241.4522,392315
2025-02-27 13:15:00,241.2261,241.8916,241.1983,241.6020,594235
2025-02-27 13:00:00,240.5233,241.3723,240.4634,241.2125,570787
2025-02-27 12:45:00,240.3735,240.6831,240.0639,240.4784,380444
2025-02-27 12:30:00,240.7730,241.0477,240.0539,240.3585,579127
2025-02-27 12:15:00,239.9341,240.7630,239.2898,240.7610,688385
2025-02-27 12:00:00,240.1638,240.1937,239.6943,239.9041,526535
2025-02-27 11:45:00,240.7980,240.9528,239.9541,240.1388,617588
2025-02-27 11:30:00,241.2225,241.4869,240.6432,240.7942,650404
2025-02-27 11:15:00,241.6019,242.1613,241.1525,241.2225,974978
2025-02-27 11:00:00,240.9328,241.6020,240.6032,241.5970,787820
2025-02-27 10:45:00,241.0826,241.2924,240.7031,240.9428,624569
2025-02-27 10:30:00,241.0627,241.5021,240.3435,241.0926,927229
2025-02-27 10:15:00,239.8442,241.3823,239.7842,241.0776,1003769
2025-02-27 10:00:00,240.3236,240.3336,238.1762,239.8492,1958720
2025-02-27 09:45:00,241.0227,241.2325,239.6844,240.2836,1470178
2025-02-27 09:30:00,239.1151,241.9855,238.6257,240.9984,3166913
2025-02-27 09:15:00,239.0152,239.5045,238.4759,239.3648,82636
2025-02-27 09:00:00,238.6556,239.2249,238.4858,238.9553,54121
2025-02-27 08:45:00,239.0851,244.5084,238.2961,238.7436,3868799
2025-02-27 08:30:00,238.7755,239.2050,238.5957,239.1049,20429
2025-02-27 08:15:00,239.0252,239.3248,238.7955,238.8054,28266
2025-02-27 08:00:00,240.5473,241.2809,238.4159,239.1151,83192
2025-02-27 07:45:00,239.5146,239.5845,238.7655,238.8654,16636
2025-02-27 07:30:00,239.4247,239.6544,239.2948,239.5445,8279
2025-02-27 07:15:00,239.5046,239.7942,239.2449,239.4247,17838
2025-02-27 07:00:00,240.0140,240.0639,239.4347,239.5046,13127
2025-02-27 06:45:00,240.0439,240.1538,239.9440,240.0439,2674
2025-02-27 06:30:00,239.9940,240.0939,239.9041,240.0439,3006
2025-02-27 06:15:00,240.1038,240.1738,239.8342,239.9640,5078
2025-02-27 06:00:00,240.0739,240.2736,240.0639,240.1738,6028
2025-02-27 05:45:00,240.1238,240.3635,240.0739,240.0839,4878
2025-02-27 05:30:00,240.3535,240.3535,240.0639,240.1338,4864
2025-02-27 05:15:00,240.5533,240.5533,240.3036,240.3535,6151
2025-02-27 05:00:00,240.6632,240.6731,240.5233,240.5533,1816
2025-02-27 04:45:00,240.5733,240.7231,240.5633,240.6332,2766
2025-02-27 04:30:00,241.0027,241.0027,240.4534,240.5833,6191
2025-02-27 04:15:00,241.1126,241.2824,240.8829,241.0227,6716
2025-02-27 04:00:00,239.8242,241.4222,239.8242,241.1825,17857
2025-02-26 19:45:00,239.2349,239.3747,238.9253,239.3048,9085
2025-02-26 19:30:00,239.0551,239.2998,238.9253,239.2149,5711
2025-02-26 19:15:00,239.3747,239.5845,238.9253,239.0551,13748
2025-02-26 19:00:00,239.4846,239.5845,239.2849,239.2948,2710
2025-02-26 18:45:00,239.2649,239.5845,239.2549,239.4846,7090
2025-02-26 18:30:00,239.4147,239.7842,239.3048,239.3048,4837
2025-02-26 18:15:00,239.8342,240.0639,239.1071,239.6344,61271
2025-02-26 18:00:00,239.9041,239.9440,239.7143,239.8312,7270
2025-02-26 17:45:00,239.8523,240.0479,239.8142,239.9041,6350
2025-02-26 17:30:00,240.0539,240.1912,239.8142,240.0539,108804
2025-02-26 17:15:00,240.0939,240.0939,239.8042,239.9540,11575
2025-02-26 17:00:00,239.5545,240.2037,229.7096,240.0939,23356
2025-02-26 16:45:00,239.8242,240.1937,223.9038,239.5945,45167
2025-02-26 16:30:00,239.3548,240.0639,238.9852,239.7856,29057
2025-02-26 16:15:00,240.0639,240.0639,238.6756,239.3548,495558
2025-02-26 16:00:00,240.0140,240.1438,239.2114,239.3048,12351028
2025-02-26 15:45:00,239.9041,240.5133,239.7243,240.0140,2989771
2025-02-26 15:30:00,239.6644,240.0040,239.3897,239.9041,1061027
2025-02-26 15:15:00,239.5345,240.1538,239.2949,239.6544,900704
2025-02-26 15:00:00,239.4247,239.7942,239.2299,239.5296,776078
2025-02-26 14:45:00,239.9041,240.0738,239.3048,239.4247,741418
2025-02-26 14:30:00,239.5146,239.9940,239.3448,239.9041,742541
2025-02-26 14:15:00,239.3198,239.8292,239.2050,239.5246,812598
2025-02-26 14:00:00,239.3448,239.4946,239.0451,239.3048,753942
2025-02-26 13:45:00,239.1950,239.6943,238.8354,239.3548,1118353
2025-02-26 13:30:00,240.0439,240.0939,238.8953,239.1850,1411423
2025-02-26 13:15:00,240.9128,240.9228,239.9440,240.0442,953072
2025-02-26 13:00:00,241.2524,241.4472,240.5333,240.9228,1062315
2025-02-26 12:45:00,241.9216,242.0315,241.1026,241.2524,1000566
2025-02-26 12:30:00,242.8405,242.9903,241.6619,241.9366,995366
2025-02-26 12:15:00,243.4597,243.5022,242.5708,242.8305,662334
2025-02-26 12:00:00,242.9304,243.5895,242.8804,243.4497,693043
2025-02-26 11:45:00,242.7706,243.2000,242.5009,242.8904,892068
2025-02-26 11:30:00,241.5021,242.9403,241.4522,242.7706,1013278
2025-02-26 11:15:00,241.8916,242.0115,241.2824,241.5121,1117755
2025-02-26 11:00:00,241.8966,242.3361,241.7618,241.8922,961673
2025-02-26 10:45:00,241.8017,242.5209,241.7119,241.8916,1411912
2025-02-26 10:30:00,243.1950,243.4198,241.7268,241.7868,1353672
2025-02-26 10:15:00,243.5696,244.3186,243.0302,243.1800,1423661
2025-02-26 10:00:00,243.1201,243.6994,243.0202,243.5503,1488402
2025-02-26 09:45:00,241.7418,243.6794,241.5521,243.1101,2260313
2025-02-26 09:30:00,244.0290,244.6782,241.1226,241.7518,5472880
2025-02-26 09:15:00,245.1458,245.5471,229.5768,244.0789,180598
2025-02-26 09:00:00,245.1876,245.5272,245.0178,245.1276,30626
2025-02-26 08:45:00,245.4373,245.4373,244.9079,245.1476,36068
2025-02-26 08:30:00,245.6855,245.6969,245.2974,245.3174,16521
2025-02-26 08:15:00,245.6462,246.7357,245.4872,245.6170,13168
2025-02-26 08:00:00,246.3748,246.9454,244.7281,245.4972,882193
2025-02-26 07:45:00,245.8068,245.8767,245.3074,245.6370,8679
2025-02-26 07:30:00,245.9666,246.0465,245.6969,245.9566,8911
2025-02-26 07:15:00,245.8068,246.0965,245.7968,246.0365,14555
2025-02-26 07:00:00,245.3074,245.8168,245.2974,245.7968,13187
2025-02-26 06:45:00,245.4872,245.5871,245.2675,245.2974,7944
2025-02-26 06:30:00,245.4972,245.5871,245.4173,245.5272,3221
2025-02-26 06:15:00,245.6969,245.7369,245.4572,245.4772,3697
2025-02-26 06:00:00,245.9067,245.9766,245.6270,245.6570,4595
2025-02-26 05:45:00,245.7968,245.9666,245.7069,245.9466,3883
2025-02-26 05:30:00,245.4572,245.8368,245.4373,245.8368,6511
2025-02-26 05:15:00,245.5671,245.5671,245.3074,245.4373,5921
2025-02-26 05:00:00,245.5871,245.6570,245.4972,245.5671,3740
2025-02-26 04:45:00,245.9067,245.9566,245.4872,245.5471,4851
2025-02-26 04:30:00,245.8268,246.0565,245.6969,245.9067,4872
2025-02-26 04:15:00,245.8268,246.3162,245.7469,245.8168,10074
2025-02-26 04:00:00,246.1963,246.5659,245.6969,245.8168,12774
2025-02-25 19:45:00,246.1464,246.3461,246.1464,246.1659,11130
2025-02-25 19:30:00,246.1963,246.3461,246.0965,246.1464,6014
2025-02-25 19:15:00,246.1903,246.3461,245.9666,246.1963,8376
2025-02-25 19:00:00,246.0465,246.3461,245.9466,246.0665,7342
2025-02-25 18:45:00,246.2363,246.3461,246.0365,246.1164,10762
2025-02-25 18:30:00,246.3661,246.3661,246.1963,246.2163,5224
2025-02-25 18:15:00,246.2463,246.3661,246.0965,246.2963,6305
2025-02-25 18:00:00,246.1164,246.3661,246.0765,246.2548,6110
2025-02-25 17:45:00,246.1464,246.2363,246.0565,246.1364,17897
2025-02-25 17:30:00,246.2363,246.3661,246.0465,246.1963,11514
2025-02-25 17:15:00,246.2163,258.5653,246.2063,246.2662,582641
2025-02-25 17:00:00,246.0965,258.5653,245.9566,258.5653,9229
2025-02-25 16:45:00,246.4760,246.7357,245.7369,245.7768,28756
2025-02-25 16:30:00,246.2762,246.7357,246.2263,246.5159,26321
2025-02-25 16:15:00,246.7357,247.3449,244.5733,246.4061,403304
2025-02-25 16:00:00,246.7457,247.1695,246.4460,246.5858,13654725
2025-02-25 15:45:00,246.9854,247.2850,245.7419,246.7457,3092709
2025-02-25 15:30:00,247.4198,247.4847,246.6707,246.9854,1198479
2025-02-25 15:15:00,247.7045,247.9839,247.3249,247.4148,955453
2025-02-25 15:00:00,248.1140,248.2338,247.4648,247.7202,752255
2025-02-25 14:45:00,248.1339,248.2838,247.8352,248.1240,764337
2025-02-25 14:30:00,247.3349,248.2039,247.2450,248.1539,936381
2025-02-25 14:15:00,247.0752,247.5842,246.8555,247.3449,904383
2025-02-25 14:00:00,247.8243,247.9142,247.0755,247.0755,885540
2025-02-25 13:45:00,248.1839,248.2138,247.6545,247.8343,666625
2025-02-25 13:30:00,247.6645,248.3137,247.4847,248.1889,780010
2025-02-25 13:15:00,247.8942,248.5035,247.4248,247.6845,632075
2025-02-25 13:00:00,247.8743,248.5334,247.8643,247.9292,663033
2025-02-25 12:45:00,248.8231,248.9729,247.7744,247.8643,814599
2025-02-25 12:30:00,249.2725,249.3125,248.4036,248.8031,1081704
2025-02-25 12:15:00,249.0328,249.3225,248.5734,249.2725,1215631
2025-02-25 12:00:00,249.2576,249.3824,248.7132,249.0478,1272312
2025-02-25 11:45:00,247.6745,249.6920,247.4947,249.2346,2534451
2025-02-25 11:30:00,246.2313,247.7644,246.1265,247.6845,1689593
2025-02-25 11:15:00,245.8767,246.5659,245.8667,246.2213,823617
2025-02-25 11:00:00,245.7868,246.3561,245.3474,245.8867,1219421
2025-02-25 10:45:00,245.1676,246.0565,244.8979,245.7569,1110251
2025-02-25 10:30:00,244.8080,245.8817,244.6083,245.1926,1759533
2025-02-25 10:15:00,245.8268,246.1564,244.6083,244.8080,2125624
2025-02-25 10:00:00,247.5197,247.5946,245.7968,245.8368,2413247
2025-02-25 09:45:00,247.2750,247.9741,246.9254,247.5197,1849402
2025-02-25 09:30:00,247.6945,249.2126,246.7956,247.2750,3776938
2025-02-25 09:15:00,246.9454,247.6945,246.3062,247.6645,60220
2025-02-25 09:00:00,246.8655,247.1352,246.7956,247.0218,12061
2025-02-25 08:45:00,246.9654,247.0653,246.8355,246.8555,12166
2025-02-25 08:30:00,247.0852,247.1352,246.8355,247.0153,17544
2025-02-25 08:15:00,247.1452,247.2151,246.7956,246.9354,26045
2025-02-25 08:00:00,246.8056,247.8143,244.1688,247.1460,2099624
2025-02-25 07:45:00,246.8355,247.4248,246.7956,247.2950,12507
2025-02-25 07:30:00,247.2151,247.2350,246.8455,246.8555,10499
2025-02-25 07:15:00,247.1551,247.5247,247.1352,247.2151,7371
2025-02-25 07:00:00,246.6657,247.4947,246.6258,247.1751,11885
2025-02-25 06:45:00,246.6857,246.8455,246.4560,246.6957,10949
2025-02-25 06:30:00,246.4460,246.9055,246.3362,246.6957,9569
2025-02-25 06:15:00,246.3661,246.6258,246.1963,246.6058,7682
2025-02-25 06:00:00,246.0865,246.3961,246.0565,246.3761,7816
2025-02-25 05:45:00,246.3461,246.4061,246.0665,246.0665,7517
2025-02-25 05:30:00,246.4161,246.6058,246.3262,246.3661,5729
2025-02-25 05:15:00,246.3961,246.5459,246.2463,246.3861,11729
2025-02-25 05:00:00,246.2463,246.5759,246.2063,246.3661,5790
2025-02-25 04:45:00,247.2950,247.3349,246.2263,246.2463,13591
2025-02-25 04:30:00,247.4548,247.4548,247.2850,247.3149,5789
2025-02-25 04:15:00,247.1651,247.4748,247.1452,247.4448,10959
2025-02-25 04:00:00,247.6445,247.6445,246.5059,247.1551,10786
2025-02-24 19:45:00,247.9412,247.9941,247.7444,247.7544,7012
2025-02-24 19:30:00,247.7944,247.9941,247.7944,247.9941,6797
2025-02-24 19:15:00,247.5846,248.1439,247.5646,247.8942,16659
2025-02-24 19:00:00,247.3050,247.6945,247.2450,247.5646,15181
2025-02-24 18:45:00,247.3085,247.4348,247.0952,247.2950,25922
2025-02-24 18:30:00,247.6845,247.7444,247.2950,247.3349,18776
2025-02-24 18:15:00,247.6700,247.6945,247.4947,247.6845,10188
2025-02-24 18:00:00,247.4648,247.6945,247.3050,247.5247,18026
2025-02-24 17:45:00,247.5946,247.6445,247.2350,247.4748,21194
2025-02-24 17:30:00,247.6046,247.6945,247.4448,247.5946,10650
2025-02-24 17:15:00,247.6046,250.8948,247.5547,247.6046,14276
2025-02-24 17:00:00,247.5856,264.8125,246.7956,247.5946,17983
2025-02-24 16:45:00,247.5746,247.8643,247.5347,247.5846,48716
2025-02-24 16:30:00,247.5447,247.8942,242.8605,247.5646,63194
2025-02-24 16:15:00,246.7956,247.6945,236.5582,247.5946,1470640
2025-02-24 16:00:00,246.9154,247.7944,246.7956,247.6445,16995121
2025-02-24 15:45:00,247.1651,247.4847,246.5159,246.9254,3964398
2025-02-24 15:30:00,247.2950,247.4248,246.9953,247.1751,1011798
2025-02-24 15:15:00,247.7145,247.7844,247.2900,247.2950,994790
2025-02-24 15:00:00,247.6595,247.9242,247.3249,247.6995,836251
2025-02-24 14:45:00,247.6046,247.8849,247.1252,247.6745,1084439
2025-02-24 14:30:00,248.3537,248.4436,247.4848,247.5946,739486
2025-02-24 14:15:00,248.0440,248.4935,248.0440,248.3537,919085
2025-02-24 14:00:00,247.6745,248.4136,247.6246,248.0440,1681438
2025-02-24 13:45:00,247.7444,247.8343,247.4752,247.6745,995365
2025-02-24 13:30:00,247.7444,247.9142,247.3649,247.7387,768352
2025-02-24 13:15:00,247.3948,247.8343,247.2951,247.7344,765740
2025-02-24 13:00:00,246.9654,247.4048,246.9154,247.4048,570890
2025-02-24 12:45:00,247.2750,247.5547,246.9654,246.9654,625692
2025-02-24 12:30:00,247.5147,247.6545,247.2151,247.2672,587942
2025-02-24 12:15:00,247.5047,247.9741,247.4548,247.4897,739272
2025-02-24 12:00:00,247.6945,247.8623,247.1452,247.4949,628986
2025-02-24 11:45:00,247.8892,248.0141,247.4458,247.6945,1078034
2025-02-24 11:30:00,246.8156,247.9342,246.8156,247.8892,1191019
2025-02-24 11:15:00,246.5559,247.1352,245.9666,246.8058,1207785
2025-02-24 11:00:00,246.9154,247.2950,246.4960,246.5359,1482391
2025-02-24 10:45:00,245.8767,247.4348,245.7868,246.9204,2118523
2025-02-24 10:30:00,247.5447,247.6486,245.7069,245.8767,2007033
2025-02-24 10:15:00,246.9953,247.5846,246.9854,247.5447,1447766
2025-02-24 10:00:00,247.7744,248.5534,244.5225,247.0153,3503213
2025-02-24 09:45:00,245.7619,247.8343,245.3475,247.7594,2748682
2025-02-24 09:30:00,244.6233,247.5946,244.1189,245.7669,4297527
2025-02-24 09:15:00,243.7002,245.6520,242.7706,244.6982,248101
2025-02-24 09:00:00,244.0290,244.0989,243.0502,243.6994,93583
2025-02-24 08:45:00,244.4285,244.4884,244.0090,244.0690,25998
2025-02-24 08:30:00,243.8692,244.4884,243.2000,244.3886,94037
2025-02-24 08:15:00,243.8292,244.1988,243.6994,243.8093,33402
2025-02-24 08:00:00,243.5995,245.6969,241.2762,243.9391,138625
2025-02-24 07:45:00,243.5296,243.7893,243.4198,243.5796,31727
2025-02-24 07:30:00,243.8792,244.0090,243.5196,243.5396,53559
2025-02-24 07:15:00,243.2500,244.0989,243.2500,243.8492,32706
2025-02-24 07:00:00,243.5596,243.6195,243.1601,243.2400,54193
2025-02-24 06:45:00,242.7406,243.5596,242.6008,243.4997,38270
2025-02-24 06:30:00,242.0614,242.9803,242.0514,242.7206,69767
2025-02-24 06:15:00,241.5920,242.6207,241.5820,242.0514,113993
2025-02-24 06:00:00,244.9079,244.9678,241.2524,241.5820,117976
2025-02-24 05:45:00,244.9379,244.9479,244.8979,244.8979,2813
2025-02-24 05:30:00,244.9079,244.9878,244.8979,244.9079,3981
2025-02-24 05:15:00,244.8580,244.9579,244.7981,244.8979,5010
2025-02-24 05:00:00,244.9579,244.9579,244.8080,244.8780,6057
2025-02-24 04:45:00,244.9379,245.0178,244.8979,244.9179,5608
2025-02-24 04:30:00,244.9479,245.0477,244.9079,244.9279,4585
2025-02-24 04:15:00,244.8780,244.9579,244.7281,244.9379,6165
2025-02-24 04:00:00,245.0877,245.5971,244.6982,244.8780,16339
2025-02-21 19:45:00,244.8480,244.8480,244.6982,244.7281,6799
2025-02-21 19:30:00,244.8180,244.8954,244.7781,244.8580,9683
2025-02-21 19:15:00,244.8979,244.9479,244.7781,244.7781,3985
2025-02-21 19:00:00,244.8780,244.9845,244.8180,244.8979,5488
2025-02-21 18:45:00,244.8780,245.0577,232.9027,244.8780,3076
2025-02-21 18:30:00,244.9579,245.2475,244.8756,245.0178,43739
2025-02-21 18:15:00,244.8979,245.1901,244.8480,244.9678,5223
2025-02-21 18:00:00,244.9778,245.1976,244.7781,244.9479,1558
2025-02-21 17:45:00,244.8541,245.0577,244.6982,244.8979,15731
2025-02-21 17:30:00,244.8280,245.2475,244.8182,244.9479,21438
2025-02-21 17:15:00,244.8380,244.9579,244.8180,244.8180,6544
2025-02-21 17:00:00,244.9978,245.0977,244.7981,244.8185,11851
2025-02-21 16:45:00,245.1676,245.1776,244.9978,244.9978,20989
2025-02-21 16:30:00,245.2375,245.2475,244.9978,245.1476,29339
2025-02-21 16:15:00,245.2475,245.3194,245.1576,245.2375,57770
2025-02-21 16:00:00,245.2874,246.8322,245.1077,245.2375,15614958
2025-02-21 15:45:00,245.2275,245.7868,245.0278,245.2874,3971634
2025-02-21 15:30:00,245.5072,245.6370,245.1476,245.2175,1626999
2025-02-21 15:15:00,245.4173,245.6670,245.1326,245.4972,2576858
2025-02-21 15:00:00,245.6071,245.7059,245.0878,245.4323,1496463
2025-02-21 14:45:00,245.9866,246.3661,245.3294,245.6170,1461068
2025-02-21 14:30:00,246.1963,246.5259,245.4773,245.9866,2291240
2025-02-21 14:15:00,247.3449,247.4148,246.1264,246.1963,1105879
2025-02-21 14:00:00,247.4448,247.5646,247.1282,247.3549,897833
2025-02-21 13:45:00,247.2600,247.7120,247.2151,247.4348,665977
2025-02-21 13:30:00,247.1403,247.7711,246.7357,247.2550,2316985
2025-02-21 13:15:00,247.0403,247.3849,246.7956,247.1252,1672749
2025-02-21 13:00:00,248.1439,248.1839,246.8955,247.0403,1595354
2025-02-21 12:45:00,248.0349,248.3836,247.6246,248.1240,1706189
2025-02-21 12:30:00,247.0752,248.0840,246.8955,248.0391,1891032
2025-02-21 12:15:00,246.9170,247.2151,246.5958,247.0653,823849
2025-02-21 12:00:00,246.7157,247.3449,246.6758,246.9221,830234
2025-02-21 11:45:00,246.8206,247.1951,246.3461,246.7107,2076632
2025-02-21 11:30:00,246.8405,247.0553,246.5259,246.8156,969411
2025-02-21 11:15:00,246.3861,247.1452,246.2263,246.8256,2326323
2025-02-21 11:00:00,245.5122,246.3860,245.5122,246.3761,1202102
2025-02-21 10:45:00,245.0378,245.5771,244.9179,245.5272,1283524
2025-02-21 10:30:00,245.4722,245.6470,244.9978,245.0527,628937
2025-02-21 10:15:00,245.4772,245.7069,245.1476,245.4772,831714
2025-02-21 10:00:00,245.3374,245.6969,244.9179,245.4922,1022760
2025-02-21 09:45:00,245.4173,245.7369,245.1476,245.3873,942626
2025-02-21 09:30:00,245.6470,246.6358,245.2874,245.4073,5155977
2025-02-21 09:15:00,245.7768,246.6058,244.9479,245.7669,106637
2025-02-21 09:00:00,245.6370,245.7968,245.5701,245.7569,12281
2025-02-21 08:45:00,245.8368,245.8867,244.5384,245.5871,7680
2025-02-21 08:30:00,245.5856,245.8967,245.4972,245.8468,13294
2025-02-21 08:15:00,245.5871,245.6770,245.4972,245.5471,7465
2025-02-21 08:00:00,245.3299,245.8967,244.8323,245.5371,61815
2025-02-21 07:45:00,245.5072,245.5272,245.3973,245.4473,2942
2025-02-21 07:30:00,245.3674,245.5172,245.3474,245.5072,4681
2025-02-21 07:15:00,245.2775,245.4073,245.2775,245.3873,1771
2025-02-21 07:00:00,245.0977,245.3574,245.0577,245.2175,8403
2025-02-21 06:45:00,245.1077,245.1476,245.0577,245.0977,1871
2025-02-21 06:30:00,245.0977,245.1177,245.0577,245.0977,915
2025-02-21 06:15:00,245.0477,245.1276,245.0477,245.1077,995
2025-02-21 06:00:00,245.0477,245.0877,244.9978,245.0477,906
2025-02-21 05:45:00,244.9978,245.0877,244.9678,245.0078,2043
2025-02-21 05:30:00,245.0078,245.0977,244.9978,245.0378,2102
2025-02-21 05:15:00,244.9579,245.0477,244.9579,244.9978,2560
2025-02-21 05:00:00,245.0977,245.0977,244.9379,244.9479,3143
2025-02-21 04:45:00,245.1077,245.1376,245.0178,245.0577,2084
2025-02-21 04:30:00,245.1177,245.2075,245.0777,245.0977,1818
2025-02-21 04:15:00,244.9379,245.2375,244.9079,245.1776,1872
2025-02-21 04:00:00,245.6969,245.6969,244.8180,244.9279,6706
2025-02-20 19:45:00,245.2700,245.3973,245.2675,245.2974,2532
2025-02-20 19:30:00,245.3480,245.4350,245.2675,245.3020,1687
2025-02-20 19:15:00,245.4373,245.4473,245.3474,245.4373,1552
2025-02-20 19:00:00,245.3474,245.4473,245.3474,245.3474,1728
2025-02-20 18:45:00,245.2575,245.3973,245.2575,245.3873,611
2025-02-20 18:30:00,245.3474,245.3973,245.2575,245.2575,2402
2025-02-20 18:15:00,245.3474,245.5272,245.2575,245.3674,27775
2025-02-20 18:00:00,245.3474,245.3973,245.1976,245.3574,5739
2025-02-20 17:45:00,245.2575,245.3973,245.2003,245.3674,1891
2025-02-20 17:30:00,245.3174,245.3973,233.7123,245.2575,1837
2025-02-20 17:15:00,245.2974,251.4206,245.2475,245.3174,4096
2025-02-20 17:00:00,245.4173,245.5272,245.1976,245.2999,1139908
2025-02-20 16:45:00,245.4173,245.5272,245.3574,245.4173,83822
2025-02-20 16:30:00,245.3973,245.4872,245.3674,245.4356,3856
2025-02-20 16:15:00,245.3474,245.5272,245.2974,245.3973,26071
2025-02-20 16:00:00,245.5571,245.5571,245.2974,245.3474,10170765
2025-02-20 15:45:00,245.2675,245.6969,245.1676,245.5571,2342578
2025-02-20 15:30:00,245.3074,245.3474,245.0577,245.2675,810208
2025-02-20 15:15:00,245.1876,245.4375,244.9878,245.3074,637732
2025-02-20 15:00:00,245.0278,245.3424,244.9702,245.1876,567347
2025-02-20 14:45:00,244.9389,245.4473,244.8979,245.0328,574778
2025-02-20 14:30:00,244.9529,244.9579,244.5484,244.9479,559105
2025-02-20 14:15:00,245.1426,245.2775,244.8979,244.9529,489763
2025-02-20 14:00:00,245.0278,245.1676,244.8680,245.1387,384861
2025-02-20 13:45:00,245.1376,245.1829,244.7182,245.0483,494157
2025-02-20 13:30:00,245.1376,245.2874,244.8979,245.1476,422470
2025-02-20 13:15:00,245.4572,245.4872,244.9229,245.1426,556649
2025-02-20 13:00:00,245.0667,245.5150,244.8580,245.4672,592794
2025-02-20 12:45:00,245.5971,245.6870,245.0378,245.0577,499040
2025-02-20 12:30:00,246.0665,246.1164,245.2075,245.6170,599637
2025-02-20 12:15:00,245.8767,246.1564,245.7469,246.0765,1012839
2025-02-20 12:00:00,244.9628,245.8867,244.7281,245.8767,707513
2025-02-20 11:45:00,245.5272,245.5771,244.7881,244.9728,1365286
2025-02-20 11:30:00,245.8218,245.9067,245.3674,245.5214,986509
2025-02-20 11:15:00,246.2755,246.2762,245.3474,245.8274,1015973
2025-02-20 11:00:00,244.8080,246.3961,244.7781,246.2712,1666633
2025-02-20 10:45:00,244.5284,245.0516,244.3586,244.7681,912091
2025-02-20 10:30:00,244.4385,244.8679,244.2887,244.5416,691950
2025-02-20 10:15:00,244.6682,244.8780,244.1289,244.4435,895527
2025-02-20 10:00:00,244.5983,244.9579,243.9891,244.6682,1403005
2025-02-20 09:45:00,245.4304,246.1963,244.3736,244.5983,1807817
2025-02-20 09:30:00,244.6382,246.4760,244.1089,245.4173,2652584
2025-02-20 09:15:00,243.8193,244.6982,243.4997,244.6782,56520
2025-02-20 09:00:00,243.4964,243.8492,243.4597,243.8492,25498
2025-02-20 08:45:00,243.8781,243.8792,243.2000,243.4797,45930
2025-02-20 08:30:00,243.7993,244.5683,243.6994,243.8792,43581
2025-02-20 08:15:00,244.1389,244.1988,243.6395,243.7993,15249
2025-02-20 08:00:00,243.8255,244.6003,243.2599,244.1289,43721
2025-02-20 07:45:00,244.0789,244.3087,244.0490,244.1588,6259
2025-02-20 07:30:00,243.9191,244.1189,243.9091,244.0789,2896
2025-02-20 07:15:00,243.8492,243.9491,243.7993,243.9491,3021
2025-02-20 07:00:00,243.5196,243.9091,243.5196,243.8492,5823
2025-02-20 06:45:00,243.6994,243.6994,243.4997,243.5296,3157
2025-02-20 06:30:00,243.6395,243.7194,243.5096,243.6994,2336
2025-02-20 06:15:00,243.7793,243.7793,243.5995,243.6395,2813
2025-02-20 06:00:00,243.8193,243.8592,243.6994,243.7793,2375
2025-02-20 05:45:00,243.7294,243.9391,243.6994,243.8292,6085
2025-02-20 05:30:00,243.7593,243.7893,243.6994,243.7294,2565
2025-02-20 05:15:00,243.7593,243.8093,243.7294,243.7294,1681
2025-02-20 05:00:00,243.7993,243.8492,243.7394,243.7593,1451
2025-02-20 04:45:00,243.7493,243.8292,243.6994,243.8292,2782
2025-02-20 04:30:00,243.4697,243.8392,243.4697,243.7094,5356
2025-02-20 04:15:00,243.5995,243.6994,243.4697,243.4897,4643
2025-02-20 04:00:00,244.0989,244.0989,243.4797,243.6395,16713
2025-02-19 19:45:00,244.1988,250.2329,244.1189,244.4984,5346
2025-02-19 19:30:00,244.1888,258.1114,244.1089,244.2088,2342
2025-02-19 19:15:00,244.3386,251.1888,236.1541,244.1988,2116
2025-02-19 19:00:00,244.3486,258.1114,244.2288,244.3286,2025
2025-02-19 18:45:00,244.3286,244.4285,244.2288,244.4185,1771
2025-02-19 18:30:00,244.2288,244.4385,244.1888,244.3786,4835
2025-02-19 18:15:00,244.3486,244.3985,244.1588,244.3186,1441
2025-02-19 18:00:00,244.0690,244.6782,243.9990,244.1688,10137
2025-02-19 17:45:00,244.0490,244.0989,243.9491,244.0290,1759
2025-02-19 17:30:00,243.9491,244.1489,243.9491,244.0290,5346
2025-02-19 17:15:00,244.2088,244.2987,243.9491,243.9791,8424
2025-02-19 17:00:00,244.2587,244.2987,244.1988,244.2288,4496
2025-02-19 16:45:00,244.3885,244.3886,244.1788,244.2787,5787
2025-02-19 16:30:00,244.3486,244.5683,244.2887,244.2987,8006
2025-02-19 16:15:00,244.2492,244.5683,244.2487,244.3586,10501
2025-02-19 16:00:00,244.5883,244.7381,243.3748,244.2787,11710461
2025-02-19 15:45:00,244.6083,244.7877,244.2337,244.5883,2215216
2025-02-19 15:30:00,244.5783,244.7681,244.5084,244.6033,748435
2025-02-19 15:15:00,244.6982,244.8780,244.5084,244.5783,959873
2025-02-19 15:00:00,244.5384,244.7182,244.3336,244.6882,628215
2025-02-19 14:45:00,244.2487,244.5524,244.1490,244.5334,582168
2025-02-19 14:30:00,244.5983,244.5983,244.2288,244.2487,506019
2025-02-19 14:15:00,244.6382,244.7781,244.4585,244.5984,590579
2025-02-19 14:00:00,244.4385,244.6459,243.9191,244.6459,575952
2025-02-19 13:45:00,244.6893,244.7718,244.2387,244.4285,403936
2025-02-19 13:30:00,244.4135,244.8878,244.4135,244.6982,454585
2025-02-19 13:15:00,244.0390,244.5186,243.9990,244.4085,451978
2025-02-19 13:00:00,244.4285,244.4585,243.9291,244.0312,515142
2025-02-19 12:45:00,244.5234,244.6532,244.3259,244.4185,512585
2025-02-19 12:30:00,244.8380,244.9778,244.4185,244.4984,485434
2025-02-19 12:15:00,245.1819,245.2575,244.5983,244.8480,637433
2025-02-19 12:00:00,244.4884,245.3574,244.4435,245.1876,962707
2025-02-19 11:45:00,244.4585,244.6481,244.2787,244.4784,1048392
2025-02-19 11:30:00,244.0889,244.5484,243.7294,244.4485,679854
2025-02-19 11:15:00,243.9291,244.1389,243.6794,244.0946,700818
2025-02-19 11:00:00,243.1101,244.0689,242.8608,243.9090,1191086
2025-02-19 10:45:00,243.6744,243.9990,242.9603,243.1201,864611
2025-02-19 10:30:00,243.6295,244.1888,243.0702,243.6794,1119487
2025-02-19 10:15:00,244.1688,244.3985,243.4897,243.6295,932179
2025-02-19 10:00:00,244.7681,245.2775,243.9491,244.1645,1255012
2025-02-19 09:45:00,244.3985,244.8979,244.0290,244.7681,1108796
2025-02-19 09:30:00,244.3586,245.7069,243.8174,244.3985,2775043
2025-02-19 09:15:00,243.9191,244.4185,243.4297,244.4185,63293
2025-02-19 09:00:00,243.8193,244.0390,243.7893,243.9201,15941
2025-02-19 08:45:00,243.7294,244.0190,243.7194,243.8093,17453
2025-02-19 08:30:00,243.5995,244.1688,243.4897,243.7294,699571
2025-02-19 08:15:00,243.7593,243.8592,243.4997,243.5656,21885
2025-02-19 08:00:00,244.3476,244.9479,232.9327,244.1688,991185
2025-02-19 07:45:00,243.9990,244.0390,243.9291,243.9291,5474
2025-02-19 07:30:00,243.9091,244.0390,243.8992,243.9891,3031
2025-02-19 07:15:00,243.9191,243.9691,243.8892,243.9091,2716
2025-02-19 07:00:00,243.5396,243.9691,243.5196,243.8992,8210
2025-02-19 06:45:00,243.7394,243.7993,243.4397,243.5196,5492
2025-02-19 06:30:00,243.7893,243.8692,243.6994,243.7693,5261
2025-02-19 06:15:00,243.8193,243.8792,243.7593,243.7893,1808
2025-02-19 06:00:00,243.8093,243.8592,243.6994,243.8193,3736
2025-02-19 05:45:00,243.7993,243.8692,243.6994,243.7394,3204
2025-02-19 05:30:00,243.8492,243.9691,243.7094,243.7593,4912
2025-02-19 05:15:00,244.2887,244.3386,243.8093,243.8792,4861
2025-02-19 05:00:00,244.2987,244.3586,244.2188,244.2887,2653
2025-02-19 04:45:00,244.4185,244.4884,244.2188,244.2587,3386
2025-02-19 04:30:00,244.4685,244.4984,244.3985,244.4185,2383
2025-02-19 04:15:00,244.4485,244.4984,244.2387,244.4185,8676
2025-02-19 04:00:00,244.9079,245.2475,244.2687,244.4884,7580
2025-02-18 19:45:00,244.7381,245.1476,244.6982,245.0977,13720
2025-02-18 19:30:00,244.6882,244.8780,244.5983,244.7481,15662
2025-02-18 19:15:00,244.6882,244.7182,244.5583,244.6582,3401
2025-02-18 19:00:00,244.6482,244.6982,244.4984,244.6970,6959
2025-02-18 18:45:00,244.4485,244.6482,244.4485,244.5995,4424
2025-02-18 18:30:00,244.4585,244.5983,244.3985,244.4585,4268
2025-02-18 18:15:00,244.4285,244.5384,244.3985,244.4585,3294
2025-02-18 18:00:00,244.2787,244.6882,244.2787,244.5483,13656
2025-02-18 17:45:00,244.2387,244.3985,228.2097,244.2487,578387
2025-02-18 17:30:00,244.2987,247.3532,227.1509,244.3706,6081
2025-02-18 17:15:00,244.2288,244.3686,227.1509,244.3475,3956
2025-02-18 17:00:00,244.2288,244.4884,244.1688,244.3944,10370
2025-02-18 16:45:00,244.2088,244.2987,244.1189,244.2487,5127
2025-02-18 16:30:00,244.2687,244.4485,244.1189,244.1189,41700
2025-02-18 16:15:00,244.1688,244.3786,243.8193,244.2687,13396
2025-02-18 16:00:00,244.1688,244.3886,243.4514,244.1189,24150495
2025-02-18 15:45:00,242.9803,244.6512,242.8505,244.1588,4130611
2025-02-18 15:30:00,243.2300,243.3399,242.8854,242.9703,792648
2025-02-18 15:15:00,243.4198,243.4347,243.1501,243.2200,635387
2025-02-18 15:00:00,243.3987,243.5346,243.2200,243.4098,617896
2025-02-18 14:45:00,242.9703,243.5346,242.9403,243.3948,779060
2025-02-18 14:30:00,242.7556,243.1600,242.6757,242.9753,890969
2025-02-18 14:15:00,241.7519,242.7905,241.7019,242.7506,861573
2025-02-18 14:00:00,242.3111,242.4509,241.5421,241.7568,753667
2025-02-18 13:45:00,242.4959,242.5333,242.0116,242.3211,672837
2025-02-18 13:30:00,243.1301,243.1833,242.0814,242.4709,1015138
2025-02-18 13:15:00,243.3798,243.5696,242.9503,243.1351,615612
2025-02-18 13:00:00,243.6694,243.8148,243.3199,243.3898,881013
2025-02-18 12:45:00,243.8992,244.0090,243.6495,243.6744,495600
2025-02-18 12:30:00,244.1489,244.1988,243.6295,243.8992,660900
2025-02-18 12:15:00,244.1189,244.2687,243.9391,244.1289,505820
2025-02-18 12:00:00,244.5933,244.6482,243.8722,244.1089,556140
2025-02-18 11:45:00,244.1538,244.7481,244.1389,244.5883,1176611
2025-02-18 11:30:00,244.4185,244.5583,244.0490,244.1688,834074
2025-02-18 11:15:00,244.0739,244.6681,243.9791,244.4235,803524
2025-02-18 11:00:00,244.0290,244.3686,243.9191,244.0599,608012
2025-02-18 10:45:00,244.0390,244.1489,243.6395,244.0290,899200
2025-02-18 10:30:00,243.7943,244.3886,243.7264,244.0690,849167
2025-02-18 10:15:00,244.1788,244.6283,243.5596,243.7898,1368190
2025-02-18 10:00:00,244.6822,244.7953,243.8093,244.1588,1185852
2025-02-18 09:45:00,243.2999,244.8780,242.9304,244.6283,2064804
2025-02-18 09:30:00,243.8492,244.7032,242.5609,243.2999,4652310
2025-02-18 09:15:00,244.0989,244.0989,242.5209,243.7493,157415
2025-02-18 09:00:00,244.4285,244.5384,244.0090,244.0789,31450
2025-02-18 08:45:00,244.4097,244.5384,244.3386,244.4485,14094
2025-02-18 08:30:00,244.3087,244.4884,241.0776,244.4485,53876
2025-02-18 08:15:00,244.4685,244.5484,244.2987,244.3486,21335
2025-02-18 08:00:00,244.4485,245.2675,244.2987,244.4068,1139996
2025-02-18 07:45:00,244.4984,244.6982,244.4285,244.6482,17559
2025-02-18 07:30:00,244.4685,244.6482,244.4485,244.4884,11590
2025-02-18 07:15:00,244.4485,244.6382,244.3386,244.4485,8298
2025-02-18 07:00:00,244.4385,244.5983,244.3386,244.4085,18298
2025-02-18 06:45:00,244.6283,244.6482,244.3386,244.4085,6956
2025-02-18 06:30:00,244.6982,244.6982,244.5983,244.6283,8569
2025-02-18 06:15:00,244.8580,244.8979,244.6682,244.6882,6099
2025-02-18 06:00:00,244.6382,244.8780,244.5983,244.8080,4725
2025-02-18 05:45:00,244.5384,244.6382,244.5384,244.6382,2529
2025-02-18 05:30:00,244.5883,244.6482,244.5184,244.5583,1858
2025-02-18 05:15:00,244.6283,244.6482,244.4884,244.6183,6686
2025-02-18 05:00:00,244.6382,244.6582,244.5883,244.6482,3787
2025-02-18 04:45:00,244.5583,244.6582,244.5384,244.6382,4019
2025-02-18 04:30:00,244.6582,244.6582,244.5583,244.5683,8069
2025-02-18 04:15:00,244.6083,244.7881,244.5983,244.6283,8816
2025-02-18 04:00:00,243.5895,245.5771,243.5895,244.6083,17738
2025-02-14 19:45:00,244.3686,244.4784,244.1988,244.3386,3447
2025-02-14 19:30:00,244.3486,244.4784,244.2088,244.4784,1278
2025-02-14 19:15:00,244.3449,244.4812,244.1988,244.3486,1773
2025-02-14 19:00:00,244.2063,244.4984,244.1988,244.2088,2279
2025-02-14 18:45:00,244.2537,244.4909,244.0590,244.3686,44462
2025-02-14 18:30:00,244.1570,244.2987,243.9491,244.1089,2190
2025-02-14 18:15:00,244.1988,244.2887,244.1489,244.1489,2246
2025-02-14 18:00:00,244.2787,244.2987,244.1089,244.1988,5125
2025-02-14 17:45:00,244.1489,244.2987,244.0989,244.1888,5439
2025-02-14 17:30:00,244.0590,244.1988,244.0590,244.1489,4550
2025-02-14 17:15:00,242.9137,244.1988,242.9137,244.1189,5989
2025-02-14 17:00:00,244.4884,244.4884,243.7793,243.8292,544719
2025-02-14 16:45:00,244.4685,244.5783,244.2987,244.5084,63351
2025-02-14 16:30:00,244.4185,244.4984,244.3586,244.4585,23769
2025-02-14 16:15:00,244.6449,244.6982,244.2987,244.4195,40154
2025-02-14 16:00:00,244.2687,244.6982,243.9966,244.6482,12684053
2025-02-14 15:45:00,244.0090,245.2475,243.8992,244.2687,3748035
2025-02-14 15:30:00,243.7893,244.0789,243.6095,244.0090,1134600
2025-02-14 15:15:00,243.8492,243.9491,243.6603,243.7893,738119
2025-02-14 15:00:00,243.9641,243.9641,243.6096,243.8392,708910
2025-02-14 14:45:00,243.9611,243.9990,243.6994,243.9674,491160
2025-02-14 14:30:00,243.8392,244.0690,243.8193,243.9491,489757
2025-02-14 14:15:00,243.9841,243.9841,243.6395,243.8392,497408
2025-02-14 14:00:00,243.8594,243.9990,243.6794,243.9891,508992
2025-02-14 13:45:00,244.0590,244.2387,243.7793,243.8592,512934
2025-02-14 13:30:00,243.6794,244.1688,243.6794,244.0590,459645
2025-02-14 13:15:00,243.6840,243.9291,243.4997,243.6993,443811
2025-02-14 13:00:00,243.6145,244.0190,243.5296,243.6994,510900
2025-02-14 12:45:00,243.1401,243.7094,243.0452,243.6095,641840
2025-02-14 12:30:00,243.5146,243.5693,243.0402,243.1201,829519
2025-02-14 12:15:00,243.5995,244.2288,243.4898,243.5096,1098501
2025-02-14 12:00:00,244.0690,244.1389,243.3898,243.5895,1215242
2025-02-14 11:45:00,243.7645,244.1489,243.6295,244.0789,889331
2025-02-14 11:30:00,243.6395,243.8143,243.4098,243.7638,974551
2025-02-14 11:15:00,243.5995,243.7102,242.8604,243.6445,914561
2025-02-14 11:00:00,243.9791,244.0140,243.4797,243.5845,961241
2025-02-14 10:45:00,243.3948,243.9990,243.0202,243.9791,1256892
2025-02-14 10:30:00,244.0789,244.0789,242.8804,243.4098,1790806
2025-02-14 10:15:00,244.3485,244.5783,243.7493,244.0789,1611879
2025-02-14 10:00:00,244.0090,244.7481,243.5496,244.3186,2804620
2025-02-14 09:45:00,243.2799,244.1189,243.0003,244.0190,2171302
2025-02-14 09:30:00,240.9528,243.4397,240.6931,243.2749,4173966
2025-02-14 09:15:00,240.4035,241.1525,236.5682,241.0026,45215
2025-02-14 09:00:00,240.5333,240.5932,240.3435,240.4035,27383
2025-02-14 08:45:00,240.4634,240.6332,240.4234,240.5233,13869
2025-02-14 08:30:00,240.4834,240.6931,240.4234,240.4434,18515
2025-02-14 08:15:00,240.5229,240.6332,240.4234,240.4834,19580
2025-02-14 08:00:00,241.4357,242.1613,240.1438,240.5033,206256
2025-02-14 07:45:00,240.5733,240.7031,240.5233,240.6532,8565
2025-02-14 07:30:00,240.4734,240.7231,240.4734,240.5633,9602
2025-02-14 07:15:00,240.3735,240.5333,240.3535,240.4434,9264
2025-02-14 07:00:00,240.4234,240.6132,240.3435,240.3535,10042
2025-02-14 06:45:00,240.3935,240.4734,240.1438,240.3935,12250
2025-02-14 06:30:00,240.7530,240.7930,240.2537,240.3535,30590
2025-02-14 06:15:00,241.2025,241.2724,240.6931,240.7031,9017
2025-02-14 06:00:00,241.2125,241.4122,241.1525,241.2524,13151
2025-02-14 05:45:00,240.4934,241.2924,240.4035,241.2125,21966
2025-02-14 05:30:00,240.6931,240.6931,240.3835,240.4834,7578
2025-02-14 05:15:00,240.4135,240.7231,240.4035,240.6731,4832
2025-02-14 05:00:00,240.7630,240.9029,240.3236,240.4135,7241
2025-02-14 04:45:00,241.1525,241.1525,240.7231,240.7730,9399
2025-02-14 04:30:00,241.0926,241.2025,240.9029,241.1525,6462
2025-02-14 04:15:00,241.1026,241.1925,240.7231,241.0327,11334
2025-02-14 04:00:00,241.7019,241.7019,240.8030,241.1825,22694
2025-02-13 19:45:00,241.1625,241.3223,241.0427,241.0826,12236
2025-02-13 19:30:00,241.0027,241.2025,240.9228,241.1625,3039
2025-02-13 19:15:00,241.0726,241.1925,240.9029,241.0327,4620
2025-02-13 19:00:00,241.0227,241.2325,241.0027,241.0726,38044
2025-02-13 18:45:00,241.0027,241.1126,241.0027,241.0127,3085
2025-02-13 18:30:00,241.1805,241.2000,241.0027,241.0027,1865
2025-02-13 18:15:00,240.9728,241.1987,240.9728,241.1026,6265
2025-02-13 18:00:00,240.9029,241.0227,240.8829,240.9728,6883
2025-02-13 17:45:00,240.9927,241.0027,240.8529,240.9927,4264
2025-02-13 17:30:00,240.9128,241.0527,240.8329,240.9927,6237
2025-02-13 17:15:00,240.9128,252.2806,240.7930,240.9128,13191
2025-02-13 17:00:00,241.0227,241.2325,240.8934,240.8934,1251578
2025-02-13 16:45:00,240.9628,241.2325,240.9128,241.0226,84110
2025-02-13 16:30:00,241.1226,241.2325,240.9128,240.9129,40430
2025-02-13 16:15:00,241.2523,241.2524,241.0127,241.1997,501932
2025-02-13 16:00:00,241.2225,241.7019,240.9128,241.2325,25337841
2025-02-13 15:45:00,240.9263,241.4712,240.7131,241.2225,3176472
2025-02-13 15:30:00,241.2474,241.2474,240.7231,240.9328,1080754
2025-02-13 15:15:00,241.4728,241.7019,240.9628,241.2474,1159522
2025-02-13 15:00:00,241.9216,241.9322,241.3923,241.4722,899827
2025-02-13 14:45:00,241.5121,242.0414,241.4272,241.9316,950206
2025-02-13 14:30:00,241.4523,241.7818,241.2924,241.5221,695152
2025-02-13 14:15:00,241.4871,241.7718,241.2524,241.4721,980020
2025-02-13 14:00:00,241.2874,241.5920,241.0926,241.4871,919729
2025-02-13 13:45:00,240.6831,241.3024,236.7080,241.2924,1006101
2025-02-13 13:30:00,240.7431,240.8929,240.2337,240.7031,856068
2025-02-13 13:15:00,240.8729,241.0527,240.0040,240.7331,748573
2025-02-13 13:00:00,240.3835,241.0527,240.0839,240.8829,853162
2025-02-13 12:45:00,240.2437,240.8529,240.2437,240.3926,1019055
2025-02-13 12:30:00,240.0538,240.3635,239.8941,240.2437,568187
2025-02-13 12:15:00,240.1438,240.2836,239.9690,240.0489,594500
2025-02-13 12:00:00,240.1238,240.5433,239.7752,240.1388,921743
2025-02-13 11:45:00,239.7892,240.2636,239.7700,240.0939,834637
2025-02-13 11:30:00,240.1940,240.4534,239.5246,239.7842,1443457
2025-02-13 11:15:00,240.7830,241.1326,240.0639,240.1837,1681306
2025-02-13 11:00:00,238.9852,241.3124,238.8254,240.8130,4148460
2025-02-13 10:45:00,238.7155,239.2149,238.4759,238.9853,1709280
2025-02-13 10:30:00,237.6029,238.7355,237.4371,238.6956,1403898
2025-02-13 10:15:00,236.0488,237.7368,235.8990,237.5869,1380525
2025-02-13 10:00:00,235.9989,236.4284,235.2798,236.0488,1656909
2025-02-13 09:45:00,236.4583,236.9367,235.9490,236.0189,1316118
2025-02-13 09:30:00,236.6181,238.7056,235.6094,236.4882,4022013
2025-02-13 09:15:00,236.7779,237.1675,236.5083,236.6481,61812
2025-02-13 09:00:00,236.9078,236.9078,229.4570,236.7580,42847
2025-02-13 08:45:00,236.2786,236.9078,232.4733,236.8379,1045739
2025-02-13 08:30:00,236.0089,236.5882,235.7093,236.3085,79664
2025-02-13 08:15:00,235.8091,235.9989,235.7093,235.9789,37525
2025-02-13 08:00:00,235.6993,237.1375,235.0101,235.7792,72701
2025-02-13 07:45:00,235.9190,235.9190,235.6094,235.7792,7177
2025-02-13 07:30:00,235.6893,235.9190,235.5195,235.9190,9402
2025-02-13 07:15:00,235.5395,235.7592,235.5395,235.6893,8085
2025-02-13 07:00:00,235.5495,235.7792,235.5095,235.5395,13699
2025-02-13 06:45:00,235.9889,235.9989,235.3297,235.5395,11580
2025-02-13 06:30:00,236.0988,236.1287,235.9090,235.9989,5604
2025-02-13 06:15:00,236.0189,236.1587,236.0089,236.0688,3491
2025-02-13 06:00:00,236.0189,236.0688,235.9190,236.0089,4263
2025-02-13 05:45:00,235.9590,236.0888,235.9090,235.9689,4516
2025-02-13 05:30:00,235.5395,235.9590,235.5395,235.9590,3334
2025-02-13 05:15:00,235.5794,235.6593,235.5095,235.5195,4456
2025-02-13 05:00:00,235.3897,235.6993,235.3597,235.5794,2993
2025-02-13 04:45:00,235.9590,236.0888,235.3697,235.4096,7273
2025-02-13 04:30:00,235.7392,236.0389,235.7193,236.0289,6853
2025-02-13 04:15:00,235.6094,236.0588,235.5594,235.7892,6791
2025-02-13 04:00:00,236.3185,236.8379,235.0101,235.6094,24505
2025-02-12 19:45:00,236.6781,236.8079,236.6181,236.7879,6615
2025-02-12 19:30:00,236.6082,236.7979,236.5782,236.7080,10702
2025-02-12 19:15:00,236.5882,236.6082,236.5482,236.6080,2946
2025-02-12 19:00:00,236.6581,236.7080,236.5482,236.6067,5226
2025-02-12 18:45:00,236.6082,236.7080,236.4683,236.6481,6042
2025-02-12 18:30:00,236.5083,236.6082,236.4683,236.5459,4733
2025-02-12 18:15:00,236.5283,236.6082,236.4583,236.5283,5448
2025-02-12 18:00:00,236.4796,236.5982,236.4683,236.5582,3503
2025-02-12 17:45:00,236.4783,236.5882,236.3107,236.4983,6226
2025-02-12 17:30:00,236.5582,236.5965,236.2286,236.4783,4285
2025-02-12 17:15:00,236.5382,236.6082,221.2114,236.5662,4852
2025-02-12 17:00:00,236.5782,236.6581,236.4484,236.5286,5608
2025-02-12 16:45:00,236.5482,236.6544,236.4783,236.6082,11497
2025-02-12 16:30:00,236.6381,236.8379,236.4084,236.5102,169147
2025-02-12 16:15:00,236.5782,236.6581,236.5382,236.6381,31868
2025-02-12 16:00:00,236.5982,236.6980,236.2068,236.6281,18882199
2025-02-12 15:45:00,236.0389,236.6681,235.6194,236.5982,3267894
2025-02-12 15:30:00,236.1687,236.4284,236.0289,236.0339,1091277
2025-02-12 15:15:00,236.0688,236.3685,235.9689,236.1737,958272
2025-02-12 15:00:00,236.1887,236.2186,235.8691,236.0688,763409
2025-02-12 14:45:00,236.1088,236.2186,235.9590,236.1787,854205
2025-02-12 14:30:00,235.9190,236.2086,235.7792,236.0988,766983
2025-02-12 14:15:00,235.7492,236.1487,235.6643,235.9190,941883
2025-02-12 14:00:00,235.3122,235.7942,235.2598,235.7542,920935
2025-02-12 13:45:00,235.1699,235.5944,235.1432,235.3197,654259
2025-02-12 13:30:00,235.1799,235.3697,235.0301,235.1699,519162
2025-02-12 13:15:00,235.3197,235.3837,234.8003,235.1899,702183
2025-02-12 13:00:00,235.3797,235.5994,235.2299,235.3247,840362
2025-02-12 12:45:00,234.7604,235.3965,234.7305,235.3697,655347
2025-02-12 12:30:00,234.9835,235.1300,234.5707,234.7612,620797
2025-02-12 12:15:00,235.0201,235.3098,234.8814,234.9902,777707
2025-02-12 12:00:00,235.0950,235.3697,234.6737,235.0204,997653
2025-02-12 11:45:00,234.7305,235.2099,234.5707,235.1124,874625
2025-02-12 11:30:00,234.7804,235.0501,234.4308,234.7305,872707
2025-02-12 11:15:00,234.0613,234.8503,233.9414,234.7804,1116418
2025-02-12 11:00:00,234.3609,234.5906,233.7017,234.0713,1153547
2025-02-12 10:45:00,233.8316,234.5507,233.4321,234.3456,1317677
2025-02-12 10:30:00,233.3122,234.3808,231.7442,233.8016,1874430
2025-02-12 10:15:00,231.5943,233.7617,231.5644,233.3172,2172263
2025-02-12 10:00:00,232.2735,232.4033,231.0750,231.5943,1702256
2025-02-12 09:45:00,231.3247,232.7429,230.9352,232.2735,1781587
2025-02-12 09:30:00,230.9152,232.3673,230.3958,231.3147,2903321
2025-02-12 09:15:00,231.0550,234.6406,228.0487,230.8253,127215
2025-02-12 09:00:00,230.7204,231.0850,230.1261,231.0550,81383
2025-02-12 08:45:00,230.6456,232.3334,230.5356,230.7753,63231
2025-02-12 08:30:00,232.6930,232.9127,230.2260,230.6555,211950
2025-02-12 08:15:00,232.7329,232.8228,232.5544,232.6830,18692
2025-02-12 08:00:00,232.4633,232.8128,232.0150,232.7329,2222352
2025-02-12 07:45:00,232.5332,232.6630,232.5232,232.6530,7367
2025-02-12 07:30:00,232.5132,232.5731,232.4733,232.5232,3148
2025-02-12 07:15:00,232.5332,232.5532,232.4333,232.4733,5136
2025-02-12 07:00:00,232.4832,232.5532,232.4233,232.5532,6445
2025-02-12 06:45:00,232.5332,232.5532,232.4633,232.4832,2863
2025-02-12 06:30:00,232.5631,232.6031,232.5132,232.5332,3544
2025-02-12 06:15:00,232.2835,232.5831,232.2835,232.5631,3568
2025-02-12 06:00:00,232.3135,232.3434,232.2136,232.2935,3901
2025-02-12 05:45:00,232.3434,232.4033,232.2635,232.3135,1814
2025-02-12 05:30:00,232.2935,232.3534,232.2136,232.3534,2502
2025-02-12 05:15:00,232.2336,232.3135,232.1836,232.2735,2734
2025-02-12 05:00:00,232.1237,232.2735,232.1037,232.2036,3869
2025-02-12 04:45:00,232.2136,232.2635,232.0338,232.1237,4599
2025-02-12 04:30:00,232.1936,232.2935,232.1237,232.2136,6412
2025-02-12 04:15:00,232.2136,232.2336,232.0638,232.1936,6729
2025-02-12 04:00:00,232.6331,232.8328,232.0638,232.2036,12564
2025-02-11 19:45:00,232.6131,232.6930,232.4633,232.5232,10389
2025-02-11 19:30:00,232.4333,232.6331,232.4133,232.6131,3738
2025-02-11 19:15:00,232.3434,232.6131,232.3334,232.4333,2755
2025-02-11 19:00:00,232.6130,232.6131,232.2435,232.3834,9454
2025-02-11 18:45:00,232.5134,232.6430,232.5132,232.6131,2158
2025-02-11 18:30:00,232.3135,246.4460,232.3135,232.5199,7343
2025-02-11 18:15:00,232.3135,232.3434,231.9139,232.3334,4802
2025-02-11 18:00:00,232.3634,232.4433,232.2635,232.3035,4405
2025-02-11 17:45:00,232.3834,232.4433,232.2635,232.3341,3141
2025-02-11 17:30:00,232.3634,232.4433,232.3334,232.3934,1296758
2025-02-11 17:15:00,232.4133,237.9365,232.3434,232.3634,4082
2025-02-11 17:00:00,232.5232,242.3306,232.3434,232.4133,9177
2025-02-11 16:45:00,232.5032,242.3306,219.2579,232.5232,15988
2025-02-11 16:30:00,232.2136,232.5831,232.2136,232.5132,127596
2025-02-11 16:15:00,232.2435,232.3334,232.2136,232.2148,46164
2025-02-11 16:00:00,232.4832,232.9954,232.2136,232.2435,13283782
2025-02-11 15:45:00,232.6780,232.7229,231.8640,232.4832,3396424
2025-02-11 15:30:00,232.8228,233.0126,232.5332,232.6930,1217660
2025-02-11 15:15:00,232.9077,232.9726,232.6131,232.8236,827528
2025-02-11 15:00:00,233.0825,233.6368,232.6830,232.9027,1151970
2025-02-11 14:45:00,233.0679,233.2024,232.9427,233.0810,588000
2025-02-11 14:30:00,233.0809,233.2623,232.9976,233.0733,1146408
2025-02-11 14:15:00,233.2623,233.4920,232.8428,233.0825,1165792
2025-02-11 14:00:00,233.5469,233.6019,233.2323,233.2770,542415
2025-02-11 13:45:00,233.6119,233.7816,233.3921,233.5616,491020
2025-02-11 13:30:00,233.2723,233.9014,233.2025,233.6118,614316
2025-02-11 13:15:00,233.7517,233.9614,232.9627,233.2573,845383
2025-02-11 13:00:00,233.9414,234.1412,233.4670,233.7417,570887
2025-02-11 12:45:00,233.9914,234.1294,233.6818,233.9315,586081
2025-02-11 12:30:00,234.3010,234.3360,233.6218,233.9914,1049271
2025-02-11 12:15:00,233.8615,234.5607,233.4338,234.2833,1062593
2025-02-11 12:00:00,234.4209,234.8903,233.8016,233.8615,1242556
2025-02-11 11:45:00,234.7704,234.8603,234.1512,234.4308,1071946
2025-02-11 11:30:00,234.3709,234.9402,233.9514,234.7704,2361792
2025-02-11 11:15:00,233.7816,234.4287,233.3721,234.3609,1273442
2025-02-11 11:00:00,234.0114,234.1712,233.4071,233.7766,1464153
2025-02-11 10:45:00,233.8416,234.3909,233.6619,234.0014,2157797
2025-02-11 10:30:00,233.0326,233.8516,232.5332,233.8317,2149244
2025-02-11 10:15:00,231.2747,233.2024,231.2298,233.0525,2609000
2025-02-11 10:00:00,230.0462,231.4345,229.7766,231.2647,2338071
2025-02-11 09:45:00,229.8215,230.0662,229.0720,230.0363,1692147
2025-02-11 09:30:00,227.9189,231.6143,227.8490,229.8165,5699438
2025-02-11 09:15:00,229.6168,243.6545,227.7191,227.8568,458600
2025-02-11 09:00:00,225.8314,231.2148,225.7216,229.6168,873661
2025-02-11 08:45:00,226.1710,227.3695,225.7216,225.8115,2617403
2025-02-11 08:30:00,226.0911,237.2435,225.9513,226.1328,16530
2025-02-11 08:15:00,226.3308,227.3695,225.9213,225.9962,32785
2025-02-11 08:00:00,226.9638,227.3758,226.2210,226.3736,36290
2025-02-11 07:45:00,226.4707,226.5705,226.4207,226.4707,3128
2025-02-11 07:30:00,226.2909,226.4906,226.2709,226.4707,2893
2025-02-11 07:15:00,226.3208,226.4607,226.2210,226.2909,9787
2025-02-11 07:00:00,226.7503,226.8702,226.2809,226.3708,11964
2025-02-11 06:45:00,226.6904,226.7703,226.5905,226.7703,2395
2025-02-11 06:30:00,226.6604,226.7503,226.5805,226.6904,3158
2025-02-11 06:15:00,226.5306,226.6804,226.5206,226.6504,2242
2025-02-11 06:00:00,226.4107,226.5506,226.3908,226.5506,2262
2025-02-11 05:45:00,226.3808,226.4806,226.3708,226.4007,1127
2025-02-11 05:30:00,226.5705,226.6005,226.3109,226.3608,4635
2025-02-11 05:15:00,226.5206,226.6404,226.5206,226.5506,910
2025-02-11 05:00:00,226.4507,226.5905,226.3808,226.5206,2803
2025-02-11 04:45:00,226.6904,226.6904,226.4207,226.4707,2446
2025-02-11 04:30:00,226.6205,226.7004,226.3208,226.6704,6660
2025-02-11 04:15:00,227.1099,227.1898,226.6105,226.6305,5900
2025-02-11 04:00:00,226.6305,227.1199,226.6305,227.0400,6003
2025-02-10 19:45:00,226.7303,226.7703,226.6704,226.7199,11868
2025-02-10 19:30:00,226.6205,226.8202,226.5705,226.7403,4762
2025-02-10 19:15:00,226.6205,226.7603,226.4707,226.5955,4298
2025-02-10 19:00:00,226.6205,226.7603,226.4707,226.5456,13662
2025-02-10 18:45:00,226.6404,226.6604,226.4707,226.5506,16074
2025-02-10 18:30:00,226.8602,226.9001,226.5206,226.6504,20674
2025-02-10 18:15:00,226.8901,226.9151,226.7204,226.8202,8058
2025-02-10 18:00:00,227.0699,227.1598,226.8202,226.9151,11311
2025-02-10 17:45:00,227.0649,227.1698,227.0200,227.0899,4595
2025-02-10 17:30:00,227.0699,227.1199,226.9800,227.0699,4210
2025-02-10 17:15:00,215.5612,227.1598,215.1384,227.0200,4201
2025-02-10 17:00:00,227.1588,230.2160,215.5612,227.0200,1326059
2025-02-10 16:45:00,227.2397,230.1361,226.9201,227.0999,29283
2025-02-10 16:30:00,227.2747,227.3695,227.1898,227.2197,11567
2025-02-10 16:15:00,227.3695,227.3695,227.1298,227.2497,17772
2025-02-10 16:00:00,227.3695,227.5094,227.0400,227.1298,13576053
2025-02-10 15:45:00,227.1948,227.6592,226.9201,227.3596,2207414
2025-02-10 15:30:00,227.4145,229.2922,226.9201,227.2018,1228420
2025-02-10 15:15:00,227.5693,227.6292,227.3995,227.4095,808272
2025-02-10 15:00:00,227.7541,227.8490,227.3196,227.5593,805442
2025-02-10 14:45:00,228.1136,228.1236,227.6292,227.7591,808976
2025-02-10 14:30:00,228.4183,228.5581,227.9988,228.1088,548574
2025-02-10 14:15:00,228.3483,228.7528,228.2684,228.4133,563764
2025-02-10 14:00:00,228.2784,228.4532,228.1186,228.3433,398658
2025-02-10 13:45:00,228.1560,228.4183,228.1560,228.2777,377761
2025-02-10 13:30:00,228.2035,228.3583,228.1390,228.1571,384284
2025-02-10 13:15:00,228.1935,228.4681,228.0887,228.1885,1042434
2025-02-10 13:00:00,228.3783,228.5980,228.1885,228.1985,393779
2025-02-10 12:45:00,228.3983,228.3983,228.1586,228.3883,579768
2025-02-10 12:30:00,228.1885,228.5581,228.1771,228.4083,441781
2025-02-10 12:15:00,228.2085,228.3983,227.9580,228.1892,642385
2025-02-10 12:00:00,228.9276,228.9726,228.0937,228.2185,725581
2025-02-10 11:45:00,228.7678,229.0175,228.4882,228.9376,628542
2025-02-10 11:30:00,229.0882,229.1024,228.5980,228.7678,496890
2025-02-10 11:15:00,228.9975,229.2273,228.6280,229.0774,751930
2025-02-10 11:00:00,228.7478,229.0874,228.4582,229.0125,985473
2025-02-10 10:45:00,229.0920,229.3471,228.6281,228.7578,862113
2025-02-10 10:30:00,229.6068,229.6284,229.0515,229.0774,1137396
2025-02-10 10:15:00,230.2560,230.2959,229.5668,229.5830,800881
2025-02-10 10:00:00,228.8777,230.3009,228.5181,230.2110,1525673
2025-02-10 09:45:00,229.5668,230.2260,228.7279,228.8777,1160326
2025-02-10 09:30:00,229.2872,230.1980,228.8777,229.5569,2484067
2025-02-10 09:15:00,228.8677,247.8243,228.6080,229.0974,114329
2025-02-10 09:00:00,228.9226,228.9975,228.8178,228.8977,28836
2025-02-10 08:45:00,228.9975,229.0475,228.8178,228.9276,25121
2025-02-10 08:30:00,228.8677,229.1973,228.8178,229.0375,30092
2025-02-10 08:15:00,228.8877,229.0075,228.8178,228.8577,22054
2025-02-10 08:00:00,228.0065,228.9688,227.1686,228.8877,66136
2025-02-10 07:45:00,228.5281,228.6979,228.5281,228.6979,2555
2025-02-10 07:30:00,228.6280,228.6779,228.5281,228.5281,7110
2025-02-10 07:15:00,228.6480,228.7578,228.5980,228.6679,11753
2025-02-10 07:00:00,228.6979,228.7478,228.4193,228.6779,15764
2025-02-10 06:45:00,228.5880,229.0175,228.5581,228.7179,10206
2025-02-10 06:30:00,228.6180,228.6679,228.4782,228.6180,3595
2025-02-10 06:15:00,228.4682,228.6180,228.4482,228.6180,3699
2025-02-10 06:00:00,228.3583,228.5081,228.2585,228.4782,3357
2025-02-10 05:45:00,228.3284,228.3983,228.2485,228.2984,3183
2025-02-10 05:30:00,228.3583,228.4083,228.3084,228.3583,2325
2025-02-10 05:15:00,228.2684,228.4183,228.2285,228.3683,2593
2025-02-10 05:00:00,228.1186,228.2784,228.0887,228.2684,4268
2025-02-10 04:45:00,228.2684,228.2784,228.0287,228.1186,8205
2025-02-10 04:30:00,228.2984,228.3384,228.2485,228.2784,6235
2025-02-10 04:15:00,228.4682,228.4682,228.1086,228.2984,8102
2025-02-10 04:00:00,228.0287,228.6679,227.3196,228.4282,9989
2025-02-07 19:45:00,226.7410,226.8009,226.7211,226.7599,6121
2025-02-07 19:30:00,226.7310,226.7709,226.7211,226.7410,5220
2025-02-07 19:15:00,226.7909,226.8109,226.7211,226.7410,5181
2025-02-07 19:00:00,226.7510,226.8109,226.7211,226.7310,3027
2025-02-07 18:45:00,226.7460,226.8208,226.7211,226.7460,3917
2025-02-07 18:30:00,226.7709,226.8707,226.7211,226.7460,5401
2025-02-07 18:15:00,226.8158,226.9705,226.7320,226.7610,9248
2025-02-07 18:00:00,227.0104,227.1002,226.7709,226.8508,35472
2025-02-07 17:45:00,226.9904,227.0702,226.9106,227.0104,8706
2025-02-07 17:30:00,226.9904,227.0702,226.9106,227.0603,6917
2025-02-07 17:15:00,227.0204,227.0702,226.9106,226.9854,10147
2025-02-07 17:00:00,227.0403,227.0702,216.6588,227.0453,4561
2025-02-07 16:45:00,227.1700,227.1999,216.8740,227.0403,122693
2025-02-07 16:30:00,227.2897,227.3496,227.1700,227.1800,27191
2025-02-07 16:15:00,227.1002,227.3695,227.0702,227.3496,470407
2025-02-07 16:00:00,227.1800,230.7517,226.9881,227.0707,12639218
2025-02-07 15:45:00,227.1102,227.5392,226.7310,227.1800,3466193
2025-02-07 15:30:00,227.4593,227.6190,226.9505,227.1002,1563681
2025-02-07 15:15:00,227.8085,227.9277,227.4394,227.4593,930986
2025-02-07 15:00:00,227.7487,228.0480,227.5591,227.8185,676939
2025-02-07 14:45:00,227.8322,227.8784,227.4593,227.7636,623830
2025-02-07 14:30:00,227.3596,227.8983,227.2498,227.8285,733916
2025-02-07 14:15:00,227.4793,227.7387,227.2897,227.3496,672949
2025-02-07 14:00:00,227.5791,227.8185,227.3496,227.4743,682878
2025-02-07 13:45:00,228.1378,228.1577,227.5292,227.5790,686625
2025-02-07 13:30:00,228.7663,228.9658,228.0679,228.1178,560199
2025-02-07 13:15:00,228.5668,228.9159,228.4770,228.7652,761209
2025-02-07 13:00:00,228.1876,228.7364,228.0480,228.5668,551256
2025-02-07 12:45:00,228.1780,228.4570,227.8834,228.1976,1646049
2025-02-07 12:30:00,227.8584,228.3273,227.8085,228.1777,762593
2025-02-07 12:15:00,228.7164,228.8860,227.6639,227.8690,1241712
2025-02-07 12:00:00,228.4969,228.7962,228.1777,228.7166,748130
2025-02-07 11:45:00,228.4690,228.7962,228.0181,228.4969,1144193
2025-02-07 11:30:00,228.5518,228.8162,228.3672,228.4969,629484
2025-02-07 11:15:00,228.5268,229.7340,228.3672,228.5219,1548632
2025-02-07 11:00:00,230.0333,230.0533,228.4204,228.5079,1747914
2025-02-07 10:45:00,229.8937,230.7297,228.5867,229.9934,1479371
2025-02-07 10:30:00,229.8338,230.2365,229.6144,229.8737,889234
2025-02-07 10:15:00,229.7789,230.3935,229.3449,229.8238,1621419
2025-02-07 10:00:00,232.1334,232.1334,229.7340,229.7540,2340825
2025-02-07 09:45:00,232.5974,233.1561,232.0287,232.1484,1200588
2025-02-07 09:30:00,232.0586,233.4554,231.5498,232.5974,2366730
2025-02-07 09:15:00,231.9688,232.1085,231.3503,232.0087,65958
2025-02-07 09:00:00,231.9389,232.0387,231.8192,231.9688,15414
2025-02-07 08:45:00,232.0187,232.0586,231.5698,231.9588,30300
2025-02-07 08:30:00,232.3080,232.4577,231.9688,231.9788,57675
2025-02-07 08:15:00,232.2382,232.3380,232.2083,232.2981,11356
2025-02-07 08:00:00,232.2981,232.9154,231.8603,232.2382,30017
2025-02-07 07:45:00,232.2781,232.3280,232.2083,232.2881,5051
2025-02-07 07:30:00,232.2981,232.3280,232.2083,232.2681,6765
2025-02-07 07:15:00,232.4078,232.4078,232.2781,232.2981,6089
2025-02-07 07:00:00,232.4277,232.4277,232.2981,232.3978,5446
2025-02-07 06:45:00,232.3679,232.4377,232.3180,232.4178,2011
2025-02-07 06:30:00,232.1684,232.3779,232.1684,232.3779,3654
2025-02-07 06:15:00,232.2581,232.2681,232.1484,232.2083,1602
2025-02-07 06:00:00,232.2981,232.3080,232.2182,232.2581,711
2025-02-07 05:45:00,232.3479,232.3479,232.2083,232.2282,1565
2025-02-07 05:30:00,232.2981,232.3579,232.2581,232.3280,3209
2025-02-07 05:15:00,232.3978,232.4577,232.3080,232.3180,3145
2025-02-07 05:00:00,232.3180,232.5375,232.2282,232.4477,7597
2025-02-07 04:45:00,232.2681,232.4277,232.2083,232.3180,6955
2025-02-07 04:30:00,232.1584,232.2981,232.0287,232.2981,1738
2025-02-07 04:15:00,232.3779,232.4277,232.1584,232.2083,6637
2025-02-07 04:00:00,230.9711,232.7370,230.9711,232.3779,11254
2025-02-06 19:45:00,232.5574,232.8967,232.3878,232.4876,9231
2025-02-06 19:30:00,232.5874,232.5874,232.3579,232.4677,3522
2025-02-06 19:15:00,232.6223,232.6772,232.4677,232.5076,4315
2025-02-06 19:00:00,232.3579,232.7570,232.1384,232.6223,7629
2025-02-06 18:45:00,232.3080,232.6772,232.1284,232.2083,7305
2025-02-06 18:30:00,232.2382,232.6772,231.9688,232.4876,29713
2025-02-06 18:15:00,231.9489,232.6760,231.8591,232.2581,26617
2025-02-06 18:00:00,231.8591,232.1284,231.6396,232.0387,10241
2025-02-06 17:45:00,232.0586,232.0586,231.4600,231.6396,17075
2025-02-06 17:30:00,232.1534,233.4560,231.9688,232.0387,5684
2025-02-06 17:15:00,232.2083,246.5637,225.1980,232.3380,781187
2025-02-06 17:00:00,232.1326,246.5637,225.1980,232.1484,12746
2025-02-06 16:45:00,232.4078,232.4377,232.1185,232.2132,19182
2025-02-06 16:30:00,232.2581,232.6772,232.2581,232.3779,52205
2025-02-06 16:15:00,232.3779,232.6971,232.2547,232.3180,65552
2025-02-06 16:00:00,232.6273,232.9366,232.1185,232.4028,11180882
2025-02-06 15:45:00,231.5897,232.7470,231.4899,232.6772,2472913
2025-02-06 15:30:00,231.7493,231.8840,231.3902,231.5947,638463
2025-02-06 15:15:00,231.4899,231.7892,231.4600,231.7394,533099
2025-02-06 15:00:00,231.6196,231.6496,231.3553,231.4847,536306
2025-02-06 14:45:00,231.9869,232.1684,231.5698,231.6296,464898
2025-02-06 14:30:00,232.3479,232.3479,231.4899,231.9788,671359
2025-02-06 14:15:00,232.2232,232.5674,232.2232,232.3280,532382
2025-02-06 14:00:00,231.8691,232.2681,231.8092,232.2182,509282
2025-02-06 13:45:00,231.8491,231.9489,231.5398,231.8691,357018
2025-02-06 13:30:00,231.6496,231.8990,231.5947,231.8490,420164
2025-02-06 13:15:00,231.5698,231.7992,231.4201,231.6496,509839
2025-02-06 13:00:00,231.2455,231.6795,231.2106,231.5698,511613
2025-02-06 12:45:00,230.6048,231.3764,230.5421,231.2305,785941
2025-02-06 12:30:00,230.7916,231.0011,230.4923,230.5970,586893
2025-02-06 12:15:00,230.5721,231.0285,230.4723,230.7916,462696
2025-02-06 12:00:00,230.5272,230.8015,230.3626,230.5621,440733
2025-02-06 11:45:00,230.9811,231.0652,230.3825,230.5222,786610
2025-02-06 11:30:00,230.9711,231.1108,230.7019,230.9911,522619
2025-02-06 11:15:00,231.0508,231.3602,230.8414,230.9761,646960
2025-02-06 11:00:00,230.4025,231.1607,230.3326,231.0410,706739
2025-02-06 10:45:00,231.2402,231.2402,229.8887,230.4124,1335644
2025-02-06 10:30:00,231.0460,231.7848,230.8714,231.1906,910326
2025-02-06 10:15:00,232.3779,232.3978,230.8514,231.0011,1114342
2025-02-06 10:00:00,232.9366,232.9964,231.8890,232.3878,1101639
2025-02-06 09:45:00,232.8667,233.2558,232.3779,232.9765,1593259
2025-02-06 09:30:00,230.7467,233.0164,230.2421,232.8468,2846166
2025-02-06 09:15:00,231.1275,231.1507,230.3626,230.8714,44139
2025-02-06 09:00:00,230.8015,231.2505,230.6890,231.0510,20254
2025-02-06 08:45:00,230.7118,230.8115,230.5322,230.7766,18743
2025-02-06 08:30:00,231.1108,231.1607,230.6220,230.7118,15498
2025-02-06 08:15:00,231.0854,231.9289,230.9612,231.0609,9768
2025-02-06 08:00:00,232.1286,232.3380,230.2029,231.0809,46505
2025-02-06 07:45:00,230.9113,231.0410,230.8814,230.9612,2495
2025-02-06 07:30:00,230.9013,230.9412,230.7118,230.9213,3328
2025-02-06 07:15:00,230.6220,230.9711,230.5322,230.8614,3810
2025-02-06 07:00:00,230.5222,230.7018,230.2728,230.6419,16349
2025-02-06 06:45:00,231.0310,231.0709,230.3127,230.4723,16755
2025-02-06 06:30:00,230.8913,231.0909,230.8514,231.0310,4613
2025-02-06 06:15:00,230.7916,230.9612,230.7816,230.8614,5022
2025-02-06 06:00:00,231.0510,231.0609,230.7916,230.8315,4387
2025-02-06 05:45:00,230.8614,231.1208,230.7616,231.0609,9975
2025-02-06 05:30:00,230.6818,230.9911,230.6519,230.9213,4374
2025-02-06 05:15:00,230.9711,231.0909,230.6419,230.6718,7204
2025-02-06 05:00:00,230.9612,231.1008,230.9412,230.9911,2673
2025-02-06 04:45:00,231.1208,231.2006,230.8913,231.0310,4630
2025-02-06 04:30:00,231.5099,231.5199,231.0909,231.1008,6920
2025-02-06 04:15:00,231.5398,231.5797,231.3802,231.5498,3977
2025-02-06 04:00:00,231.9189,232.2781,231.3702,231.4899,11993
2025-02-05 19:45:00,231.9189,231.9588,231.4600,231.5648,6161
2025-02-05 19:30:00,231.9888,232.0786,231.9189,231.9189,5779
2025-02-05 19:15:00,231.9289,232.0586,231.7593,231.9738,10966
2025-02-05 19:00:00,231.6546,231.9588,231.4800,231.7593,10494
2025-02-05 18:45:00,231.4101,231.8092,231.4101,231.6396,3923
2025-02-05 18:30:00,231.4101,231.5398,231.2804,231.4351,3171
2025-02-05 18:15:00,231.2704,231.4600,231.2704,231.4600,3937
2025-02-05 18:00:00,231.3602,231.4600,231.2605,231.3503,1536
2025-02-05 17:45:00,231.3104,231.5398,231.1607,231.4600,9011
2025-02-05 17:30:00,231.4800,231.5498,231.2305,231.2305,9479
2025-02-05 17:15:00,231.5298,231.9289,231.3702,231.4201,530311
2025-02-05 17:00:00,231.6196,231.6895,231.3403,231.5298,10406
2025-02-05 16:45:00,231.4500,242.4693,231.0909,231.6196,17752
2025-02-05 16:30:00,231.6097,231.7593,231.1607,231.1906,17905
2025-02-05 16:15:00,231.7194,231.9289,231.4999,231.6593,77378
2025-02-05 16:00:00,231.9139,232.4577,226.6812,231.7394,19657652
2025-02-05 15:45:00,230.9013,232.1284,230.9013,231.9090,2407395
2025-02-05 15:30:00,231.2505,231.5839,230.5722,230.9163,1036496
2025-02-05 15:15:00,230.9612,231.3403,230.9612,231.2555,834275
2025-02-05 15:00:00,230.7616,231.2305,230.7467,230.9611,769424
2025-02-05 14:45:00,230.3725,230.8015,230.3427,230.7517,655790
2025-02-05 14:30:00,230.1032,230.4025,229.9635,230.3725,612343
2025-02-05 14:15:00,230.7048,230.7615,230.0234,230.1119,862600
2025-02-05 14:00:00,230.0034,230.9911,229.9535,230.7118,844318
2025-02-05 13:45:00,229.4446,230.0134,229.3449,230.0034,600121
2025-02-05 13:30:00,229.3649,229.6343,229.1753,229.4347,736217
2025-02-05 13:15:00,229.2751,229.4300,229.0955,229.3749,614952
2025-02-05 13:00:00,229.5195,229.6243,229.1954,229.2801,610298
2025-02-05 12:45:00,229.6642,229.9136,229.4447,229.5145,580554
2025-02-05 12:30:00,230.1431,230.2129,229.6243,229.6642,570728
2025-02-05 12:15:00,230.6469,230.7417,230.1331,230.1531,598479
2025-02-05 12:00:00,230.1929,230.6918,230.0832,230.6469,656256
2025-02-05 11:45:00,229.6934,230.2778,229.5744,230.1630,771302
2025-02-05 11:30:00,229.5644,229.8039,229.4547,229.6941,890022
2025-02-05 11:15:00,229.0656,229.5744,228.7264,229.5545,767785
2025-02-05 11:00:00,228.9858,229.6617,228.9060,229.0756,814869
2025-02-05 10:45:00,228.6466,229.5644,228.5668,228.9958,982441
2025-02-05 10:30:00,228.9758,229.0257,228.3173,228.6366,882638
2025-02-05 10:15:00,228.4171,229.0257,227.8883,228.9658,1146841
2025-02-05 10:00:00,229.6542,230.0234,227.9183,228.4371,1872116
2025-02-05 09:45:00,229.3350,230.0829,229.0456,229.6293,1705521
2025-02-05 09:30:00,227.9981,229.9934,227.7387,229.3150,3691431
2025-02-05 09:15:00,227.2897,232.2581,226.8707,227.7586,153483
2025-02-05 09:00:00,227.4144,227.5092,226.8807,227.2299,117254
2025-02-05 08:45:00,227.3702,227.5691,227.0702,227.4095,53032
2025-02-05 08:30:00,227.3197,227.7686,227.2199,227.4693,57460
2025-02-05 08:15:00,227.2448,227.3496,226.9605,227.2698,49327
2025-02-05 08:00:00,226.1324,232.2581,224.4963,227.2697,299128
2025-02-05 07:45:00,227.7387,227.9682,227.4693,227.7686,44609
2025-02-05 07:30:00,227.3197,227.7985,227.2399,227.7387,50942
2025-02-05 07:15:00,226.6911,227.3496,226.4716,227.2997,53718
2025-02-05 07:00:00,225.9728,226.8009,225.9030,226.6911,119565
2025-02-05 06:45:00,225.9728,226.0426,225.5638,225.9628,64241
2025-02-05 06:30:00,225.8032,226.1624,225.5737,225.9129,37058
2025-02-05 06:15:00,226.3719,226.3719,225.3543,225.8032,63143
2025-02-05 06:00:00,226.2122,226.3719,226.1225,226.3719,16059
2025-02-05 05:45:00,226.0626,226.1923,226.0227,226.1923,17351
2025-02-05 05:30:00,226.3220,226.3719,225.8930,226.0626,32138
2025-02-05 05:15:00,226.7510,227.0403,226.2721,226.3519,43982
2025-02-05 05:00:00,227.1102,227.1999,226.5714,226.7709,14761
2025-02-05 04:45:00,226.3120,227.1201,226.2721,227.0802,23233
2025-02-05 04:30:00,226.2122,226.8109,225.6236,226.2921,52310
2025-02-05 04:15:00,226.5714,226.6612,225.8232,226.2122,44854
2025-02-05 04:00:00,228.4171,230.2229,224.6958,226.5614,126341
2025-02-04 19:45:00,232.2918,232.4377,231.9389,232.2581,16357
2025-02-04 19:30:00,232.0037,232.4577,231.7593,232.3629,18406
2025-02-04 19:15:00,232.0586,232.0985,231.6595,231.9184,6688
2025-02-04 19:00:00,231.7593,232.0885,231.5099,231.9588,12247
2025-02-04 18:45:00,231.9339,232.0586,231.5099,231.7094,5641
2025-02-04 18:30:00,232.0586,232.2083,231.7793,231.7793,8790
2025-02-04 18:15:00,231.9389,232.2482,231.7810,232.0337,12288
2025-02-04 18:00:00,231.2505,232.0586,231.0809,231.8092,30479
2025-02-04 17:45:00,231.3602,231.5099,231.0709,231.4201,23456
2025-02-04 17:30:00,231.4999,231.6595,231.0710,231.2904,10302
2025-02-04 17:15:00,231.6795,232.2581,231.3802,231.4949,201409
2025-02-04 17:00:00,231.9239,247.0819,226.3356,231.6097,15152
2025-02-04 16:45:00,231.6179,242.5004,226.3356,231.9239,20532
2025-02-04 16:30:00,231.8291,232.2581,231.4600,231.5847,152485
2025-02-04 16:15:00,231.8990,232.2581,231.6795,231.8096,43952
2025-02-04 16:00:00,232.2083,232.5574,228.3672,231.9090,15209567
2025-02-04 15:45:00,231.7094,232.5874,231.6396,232.2482,2550035
2025-02-04 15:30:00,231.7493,232.0486,231.4700,231.6895,940689
2025-02-04 15:15:00,232.3829,232.3978,231.6795,231.7683,988108
2025-02-04 15:00:00,232.0151,232.4078,231.8691,232.3835,824466
2025-02-04 14:45:00,232.0604,232.2282,231.7294,232.0057,819929
2025-02-04 14:30:00,231.5947,232.0842,231.5897,232.0636,712632
2025-02-04 14:15:00,231.4800,231.8291,231.4101,231.5997,671267
2025-02-04 14:00:00,230.9512,231.5498,230.8315,231.4750,583326
2025-02-04 13:45:00,231.2704,231.4873,230.9512,230.9512,498560
2025-02-04 13:30:00,231.6852,231.8192,231.1308,231.2605,532795
2025-02-04 13:15:00,231.2854,231.7593,231.1507,231.6795,722303
2025-02-04 13:00:00,231.6994,231.8391,231.1008,231.2904,639495
2025-02-04 12:45:00,231.6796,231.7094,231.2206,231.7044,692691
2025-02-04 12:30:00,231.2505,231.7144,230.8514,231.6945,1041811
2025-02-04 12:15:00,232.1684,232.2083,231.1308,231.2405,1313634
2025-02-04 12:00:00,231.6496,232.2482,231.5797,232.1733,1314978
2025-02-04 11:45:00,231.8591,231.8691,231.2206,231.6496,1136039
2025-02-04 11:30:00,230.5222,231.9239,230.5122,231.8392,1442832
2025-02-04 11:15:00,229.7340,230.5322,229.5993,230.5122,1022603
2025-02-04 11:00:00,229.9835,230.4424,229.5844,229.7440,1169633
2025-02-04 10:45:00,230.7966,231.0099,229.9237,229.9835,1485813
2025-02-04 10:30:00,229.8438,230.9113,229.6841,230.8014,1685182
2025-02-04 10:15:00,229.0656,229.8755,228.4371,229.8338,1565364
2025-02-04 10:00:00,228.4071,229.5046,228.1078,229.0656,2013762
2025-02-04 09:45:00,227.3895,228.6765,227.2299,228.3892,2048962
2025-02-04 09:30:00,226.7211,228.0579,226.1225,227.3795,3552457
2025-02-04 09:15:00,226.7909,230.7068,225.7234,226.7111,112853
2025-02-04 09:00:00,226.8208,226.9705,226.7211,226.7610,25385
2025-02-04 08:45:00,226.5914,227.4793,226.5914,226.8009,51220
2025-02-04 08:30:00,226.5814,226.9306,226.3220,226.6013,31554
2025-02-04 08:15:00,226.3519,226.7709,226.2921,226.5764,34989
2025-02-04 08:00:00,226.2347,227.6689,225.5251,226.3519,1956569
2025-02-04 07:45:00,226.6213,226.8009,226.4716,226.5614,9527
2025-02-04 07:30:00,226.4018,226.9306,226.2621,226.6712,22775
2025-02-04 07:15:00,226.4417,226.4517,225.8830,226.3719,15691
2025-02-04 07:00:00,226.3918,226.6812,226.2821,226.4317,17669
2025-02-04 06:45:00,226.4317,226.4617,226.2322,226.3719,8934
2025-02-04 06:30:00,226.8208,226.8907,226.3519,226.4218,9150
2025-02-04 06:15:00,227.1600,227.1700,226.5914,226.7809,22428
2025-02-04 06:00:00,226.7610,227.1700,226.6911,227.0902,15242
2025-02-04 05:45:00,226.7111,226.8208,226.5914,226.7709,3135
2025-02-04 05:30:00,226.8009,226.8807,226.5814,226.7310,5985
2025-02-04 05:15:00,226.2621,226.9505,226.2621,226.7510,7276
2025-02-04 05:00:00,226.1923,226.4118,226.0127,226.2522,4725
2025-02-04 04:45:00,226.2721,226.3320,226.0925,226.1923,3024
2025-02-04 04:30:00,226.2222,226.4716,226.0826,226.1823,13757
2025-02-04 04:15:00,226.0426,226.2621,225.8930,226.2222,10524
2025-02-04 04:00:00,227.2997,227.2997,225.6236,226.1624,19307
2025-02-03 19:45:00,228.4071,228.4570,227.9781,228.3173,20251
2025-02-03 19:30:00,228.2675,228.4670,228.0679,228.3672,13956
2025-02-03 19:15:00,228.1677,228.4670,227.7187,228.2675,33394
2025-02-03 19:00:00,228.5268,228.6166,228.1178,228.1677,31116
2025-02-03 18:45:00,228.4670,228.5668,227.4793,228.5668,28572
2025-02-03 18:30:00,228.5119,228.6665,228.1278,228.4670,13673
2025-02-03 18:15:00,228.5169,228.6665,228.2675,228.5119,23349
2025-02-03 18:00:00,228.6366,228.6565,228.2176,228.5418,24575
2025-02-03 17:45:00,228.6665,228.7364,228.5668,228.6366,16320
2025-02-03 17:30:00,228.4670,228.6665,227.4793,228.6166,488806
2025-02-03 17:15:00,228.4678,228.5668,228.3672,228.5668,24028
2025-02-03 17:00:00,228.2176,228.7144,217.5309,228.5169,38886
2025-02-03 16:45:00,228.5368,228.6665,218.0546,228.2176,69804
2025-02-03 16:30:00,227.8983,228.9658,227.4793,228.4271,2048961
2025-02-03 16:15:00,227.2099,228.1178,227.1900,227.9191,109531
2025-02-03 16:00:00,227.4194,227.6090,226.8358,227.2598,17682469
2025-02-03 15:45:00,228.1577,228.2974,227.1002,227.4494,3714659
2025-02-03 15:30:00,228.0380,228.4370,227.6390,228.1477,1814429
2025-02-03 15:15:00,228.1976,228.5268,227.9083,228.0181,1202156
2025-02-03 15:00:00,228.3273,228.6765,228.1678,228.2147,1333010
2025-02-03 14:45:00,228.0979,228.5767,228.0480,228.3074,1052955
2025-02-03 14:30:00,227.9482,228.2675,227.7786,228.0979,910876
2025-02-03 14:15:00,227.9976,229.4647,227.7287,227.9382,1239822
2025-02-03 14:00:00,227.7088,229.4647,227.1251,227.9981,1391943
2025-02-03 13:45:00,226.8109,227.7684,226.8109,227.7187,1407666
2025-02-03 13:30:00,226.3819,226.9879,226.3619,226.7959,1244238
2025-02-03 13:15:00,226.2322,226.5614,226.0826,226.3719,1036294
2025-02-03 13:00:00,226.2821,226.4517,225.6685,226.1873,1128410
2025-02-03 12:45:00,225.6635,226.4816,225.5538,226.2821,1482878
2025-02-03 12:30:00,225.8331,225.9030,225.4241,225.6536,1304515
2025-02-03 12:15:00,225.6935,226.5016,225.6635,225.8430,1406910
2025-02-03 12:00:00,225.8431,226.0726,225.3343,225.6935,1559565
2025-02-03 11:45:00,225.6087,226.5415,225.5039,225.8531,1771101
2025-02-03 11:30:00,225.8830,226.6013,225.1747,225.6037,2330241
2025-02-03 11:15:00,226.4417,229.7041,225.5538,225.8930,2708114
2025-02-03 11:00:00,227.3927,227.9183,226.3918,226.4218,2845169
2025-02-03 10:45:00,228.6366,229.6243,227.3446,227.3596,2219283
2025-02-03 10:30:00,228.7264,229.7340,228.2176,228.6765,2583790
2025-02-03 10:15:00,226.1125,229.6442,226.1125,228.7264,3752105
2025-02-03 10:00:00,228.2774,228.3074,226.1075,226.1124,4082587
2025-02-03 09:45:00,229.6343,229.9435,228.2375,228.3074,3153896
2025-02-03 09:30:00,229.4547,231.2904,228.9060,229.6442,7556754
2025-02-03 09:15:00,229.4647,247.4726,228.0480,229.4647,332321
2025-02-03 09:00:00,229.4734,229.6742,229.1155,229.3948,108367
2025-02-03 08:45:00,230.3725,230.4524,229.3350,229.4647,186743
2025-02-03 08:30:00,230.7851,231.2605,230.2927,230.3725,69055
2025-02-03 08:15:00,230.6519,230.9213,230.2229,230.9213,106741
2025-02-03 08:00:00,230.2828,235.4507,227.9682,230.6319,1316811
2025-02-03 07:45:00,230.4324,230.4923,230.1131,230.2828,55190
2025-02-03 07:30:00,231.0011,231.0011,230.4125,230.4424,45797
2025-02-03 07:15:00,230.9412,231.1607,230.6519,230.9911,65574
2025-02-03 07:00:00,231.0210,231.1607,230.4623,230.9612,58051
2025-02-03 06:45:00,231.1807,231.1906,230.7916,231.0210,18770
2025-02-03 06:30:00,231.0709,231.2904,230.9911,231.1208,25459
2025-02-03 06:15:00,231.4301,231.4401,231.0609,231.0609,17816
2025-02-03 06:00:00,231.2106,231.4500,231.2106,231.3602,14449
2025-02-03 05:45:00,231.0909,231.2305,231.0011,231.2106,17835
2025-02-03 05:30:00,230.4923,231.2904,230.4923,231.0809,45433
2025-02-03 05:15:00,230.4823,230.5621,230.3925,230.5421,12447
2025-02-03 05:00:00,230.4823,230.5621,229.4647,230.5222,23465
2025-02-03 04:45:00,230.7616,230.8614,230.4723,230.4923,8799
2025-02-03 04:30:00,230.6918,231.1408,230.6619,230.7417,31321
2025-02-03 04:15:00,231.0609,231.0909,230.6619,230.6818,27625
2025-02-03 04:00:00,232.2482,233.0563,228.9758,231.0510,56247
